"twitter_url","query","discover_date","original_url","url_archive_id","content_source_length","content_source_sha1","headers"
"https://t.co/bTQswtvQsI","granica","2022-03-10","https://www.msn.com/pl-pl/wiadomosci/polska/finowie-alarmuj?-co?-dziwnego-dzieje-si?-nad-granic?-z-rosj?-i-nad-kaliningradem/ar-AAUSwxW?ocid=ob-tw-plpl-572","6c0a116f2e846bbb2140e977da6390e1",10474,"ad173e9944b2af8c3721d110882b64ca96d208aa","[{""status"":[301],""version"":[""HTTP/2""],""headers"":{""date"":[""Thu, 10 Mar 2022 15:01:03 GMT""],""vary"":[""Origin""],""server"":[""tsa_o""],""expires"":[""Thu, 10 Mar 2022 15:06:04 GMT""],""location"":[""https://www.msn.com/pl-pl/wiadomosci/polska/finowie-alarmuj?-co?-dziwnego-dzieje-si?-nad-granic?-z-rosj?-i-nad-kaliningradem/ar-AAUSwxW?ocid=ob-tw-plpl-572""],""set-cookie"":[""muc=ed23b85c-be18-483e-b601-49fbc8f40070; Max-Age=34214400; Expires=Mon, 10 Apr 2023 15:01:04 GMT; Domain=t.co; Secure; SameSite=None""],""cache-control"":[""private,max-age=300""],""content-length"":[""0""],""strict-transport-security"":[""max-age=0""],""x-response-time"":[""170""],""x-connection-hash"":[""eacd8df727d2423615a9c744700533427151a14cde63717d47628cc9e7dd6463""]}},{""status"":[404],""version"":[""HTTP/2""],""headers"":{""cache-control"":[""no-cache, no-store, no-transform""],""pragma"":[""no-cache""],""content-length"":[""10490""],""content-type"":[""text/html; charset=utf-8""],""expires"":[""-1""],""vary"":[""User-Agent""],""access-control-allow-origin"":[""*""],""x-aspnetmvc-version"":[""5.2""],""x-appversion"":[""20220305_27387551""],""x-activity-id"":[""6d5fa026-0771-45ea-a635-235293514406""],""x-az"":[""{did:37d945ac0c0d42688d25f35001ec7e96, rid: 93, sn: neurope-prod-entertainment, dt: 2022-03-10T08:13:43.6984942Z, bt: 2022-03-05T01:30:59.0825864Z}""],""nel"":[""{\""report_to\"":\""network-errors\"",\""max_age\"":604800,\""success_fraction\"":0.001,\""failure_fraction\"":1.0}""],""report-to"":[""{\""group\"":\""network-errors\"",\""max_age\"":604800,\""endpoints\"":[{\""url\"":\""https://deff.nelreports.net/api/report?cat=msn\""}]}""],""content-security-policy"":[""default-src 'self' wss://*.spots.im data: 'unsafe-inline' 'unsafe-eval' https: blob:; media-src 'self' https: blob:; worker-src 'self' https: blob:; block-all-mixed-content;""],""x-ua-compatible"":[""IE=Edge;chrome=1""],""x-content-type-options"":[""nosniff""],""x-frame-options"":[""SAMEORIGIN""],""x-powered-by"":[""ASP.NET""],""access-control-allow-methods"":[""HEAD,GET,OPTIONS""],""x-xss-protection"":[""1""],""x-cache"":[""CONFIG_NOCACHE""],""accept-ch"":[""Sec-CH-UA-Arch, Sec-CH-UA-Bitness, Sec-CH-UA-Full-Version, Sec-CH-UA-Mobile, Sec-CH-UA-Model, Sec-CH-UA-Platform, Sec-CH-UA-Platform-Version""],""x-msedge-ref"":[""Ref A: 6D5FA026077145EAA635235293514406 Ref B: VIEEDGE2810 Ref C: 2022-03-10T15:01:04Z""],""date"":[""Thu, 10 Mar 2022 15:01:04 GMT""]}}]"
"https://t.co/3aTsREYMEv","granica","2022-03-10","https://vm.tiktok.com/ZMLfFokEA/","fbe4c0152608edd72ccaa32d515631a7",0,"051b20a7bb8a1fc634d7e677d31930923fe32c64","[{""status"":[301],""version"":[""HTTP/2""],""headers"":{""date"":[""Thu, 10 Mar 2022 15:01:15 GMT""],""vary"":[""Origin""],""server"":[""tsa_o""],""expires"":[""Thu, 10 Mar 2022 15:06:15 GMT""],""location"":[""https://vm.tiktok.com/ZMLfFokEA/""],""set-cookie"":[""muc=ed23b85c-be18-483e-b601-49fbc8f40070; Max-Age=34214400; Expires=Mon, 10 Apr 2023 15:01:15 GMT; Domain=t.co; Secure; SameSite=None""],""cache-control"":[""private,max-age=300""],""content-length"":[""0""],""strict-transport-security"":[""max-age=0""],""x-response-time"":[""169""],""x-connection-hash"":[""eacd8df727d2423615a9c744700533427151a14cde63717d47628cc9e7dd6463""]}},{""status"":[301],""version"":[""HTTP/1.1""],""headers"":{""server"":[""nginx""],""content-type"":[""text/html; charset=utf-8""],""content-length"":[""678""],""location"":[""https://www.tiktok.com/@piotrszla/video/7073435912922811654?_d=secCgYIASAHKAESPgo8SZItBuWoK%2BxZ41M%2Fay%2Foy4TanZ3HhsT8wguUYY2dZxCnkE%2FoUowYvUZBEwNkf0peMS0JPKBSGNRKNPHrGgA%3D&_r=1&language=pl&preview_pb=0&sec_user_id=MS4wLjABAAAAQ7tRG-Vbvzg7tUL7OHV9RTKaX_4kN0SsGYCe2oKj_bH8XH60S9KPvnxpkReQvqVO&share_app_id=1233&share_item_id=7073435912922811654&share_link_id=94cb08a7-a410-4724-b06c-8889404af352&social_sharing=v2&source=h5_m&timestamp=1646920758&u_code=dgm7hmlgc1dlma&ugbiz_name=Main&user_id=6924390912723518469&utm_campaign=client_share&utm_medium=android&utm_source=twitter""],""x-tt-logid"":[""202203101501150102230781481910EFD1""],""strict-transport-security"":[""max-age=31536000""],""x-tt-trace-host"":[""017fb083e8299b881a627d3baa790ebf3dba21cc991fb1286431dddd93dcda0ce12c020c2e8d75bd96fb6c3a505857a411d4144d801325679b93857947c2391b3f20be83f536a856e4fa75ec0c7d68a3b733ebfb4f8e64f85fa49ed86325f35e6cee93e4504fc9e5c1d00826b7c06bbb9c""],""x-origin-response-time"":[""20,23.222.2.188""],""x-akamai-request-id"":[""2e45d06.381220""],""date"":[""Thu, 10 Mar 2022 15:01:16 GMT""],""x-cache"":[""TCP_MISS from a104-85-249-141.deploy.akamaitechnologies.com (AkamaiGHost/10.7.3-39494245) (-)""],""connection"":[""keep-alive""],""x-cache-remote"":[""TCP_MISS from a23-222-2-188.deploy.akamaitechnologies.com (AkamaiGHost/10.7.3-39494245) (-)""],""x-parent-response-time"":[""131,104.85.249.141""],""x-tt-trace-tag"":[""id=16;cdn-cache=miss;type=dyn""],""server-timing"":[""cdn-cache; desc=MISS, edge; dur=111, origin; dur=20""],""server-timing.1"":[""inner; dur=19""]}},{""status"":[200],""version"":[""HTTP/2""],""headers"":{""server"":[""nginx""],""content-type"":[""text/html""],""content-length"":[""0""],""tt_stable"":[""1""],""x-tt-logid"":[""2022031015011601019018604427116D0C""],""x-ms-token"":[""CVfVoGv74gqXZ3HU7TYzRGXP9aO4ipUWZH4g_VC3cUTq49tmoWhsx2eC82MPu5c6xAiijVh3s_CGX4VzJPlUjG_sUadyylMKhPrDuSjvNaBhVwCUnApuiPUe""],""strict-transport-security"":[""max-age=31536000""],""x-tt-trace-host"":[""017fb083e8299b881a627d3baa790ebf3df63c59d12b6ae0f6bda04077b7c0d16a66ed42167427ef069ce33956297493f7c6dbecf93a5b89564597b9ec01507cafb3cc669100bddb0bd143a183b542c720436a0c42d51f3bafe8ca9eb73756131b3abc297d8123a0607658b1320276963f""],""x-origin-response-time"":[""8,23.15.9.20""],""x-akamai-request-id"":[""e592b9e.85f18db""],""expires"":[""Thu, 10 Mar 2022 15:01:16 GMT""],""cache-control"":[""max-age=0, no-cache, no-store""],""pragma"":[""no-cache""],""date"":[""Thu, 10 Mar 2022 15:01:16 GMT""],""x-cache"":[""TCP_MISS from a104-85-249-127.deploy.akamaitechnologies.com (AkamaiGHost/10.7.3-39494245) (-)""],""set-cookie"":[""msToken=CVfVoGv74gqXZ3HU7TYzRGXP9aO4ipUWZH4g_VC3cUTq49tmoWhsx2eC82MPu5c6xAiijVh3s_CGX4VzJPlUjG_sUadyylMKhPrDuSjvNaBhVwCUnApuiPUe; Path=/; Domain=tiktok.com; Expires=Sun, 20 Mar 2022 15:01:16 GMT; Secure; SameSite=None""],""x-cache-remote"":[""TCP_MISS from a23-15-9-20.deploy.akamaitechnologies.com (AkamaiGHost/10.7.3-39494245) (-)""],""x-tt-trace-tag"":[""id=16;cdn-cache=miss;type=dyn""],""server-timing"":[""cdn-cache; desc=MISS, edge; dur=113, origin; dur=8""],""server-timing.1"":[""inner; dur=6""],""x-parent-response-time"":[""121,104.85.249.127""],""set-cookie.1"":[""_abck=CACB3D9318C54BEEF5AF86CE4AE7F4FE~-1~YAAQf/lVaI5RTmd/AQAAMC9ZdAfCEUr0WwLMEnF1rPnxNFNNu9G1rSZHe/DrT9m37FtL35838ah7BGbMqkSMog6J8/g5Vv43sSRdD1gBFMnJ0KtJXJm/YffawUY57f1xiV4NdJa03VNpmNL+xw0f2g7ZGPr7xsLcqSuv/8Q+Jm3/k7H14tZrUG6PpCDmkzARzofjYhyazsRP+ZksBX2yLvb5E8y7NGIk39tSrKpNAOyFCHNLfZ9BbTKrCyKS3MTrxzXR6qoUz0MVgfifQjZF7C6bwJKTFJTmMO9v0D+NU3cxmcrBAfcEEfsC102ahx0b5mtbub6XjAkyO4DUSSel//h3ypqVvK42l6RBqKkZ467zgaUXAXLdoHY=~-1~-1~-1; Domain=.tiktok.com; Path=/; Expires=Fri, 10 Mar 2023 15:01:16 GMT; Max-Age=31536000; Secure""],""set-cookie.2"":[""bm_sz=0848A59FE25F0A2F4419439F76C8E80D~YAAQf/lVaI9RTmd/AQAAMC9ZdA/91gvDzfvk0jk5sJ6bPhQB86EPBVtdVD82wNLHYuKCZgVsKoqaUh6cuQvwsItH4W+9Kow2WzPo2rABlBMgjIhdUxupk5X9cfbu2BuXiyjaX86NdrjYwFUvC64ZcEpDrG6TQaKS7iaQdGXM7GVHP0fWcoe3CMsWE01DmQJz5F3AO2qFaia61O2F38BYkl80qNbJhncWlHocrPp8ofvpgnuH+Q51ybzXsitpL0mb913nnRuxI4oWYivRUWmY3mgTJw/6ScpweSDXvGelcv7FVoY=~4604722~4403265; Domain=.tiktok.com; Path=/; Expires=Thu, 10 Mar 2022 19:01:16 GMT; Max-Age=14400""]}}]"
"https://t.co/0ULgzZHUic","granica","2022-03-10","https://www.tvp.info/58969908/granica-polsko-bialoruska-imigranci-zaatakowali-posterunek","9d90bd594ecb5d2f0ddf857792696017",166344,"3a1b80dc98754402695e60b5092bb1095fe4d119","[{""status"":[301],""version"":[""HTTP/2""],""headers"":{""date"":[""Thu, 10 Mar 2022 15:01:15 GMT""],""vary"":[""Origin""],""server"":[""tsa_o""],""expires"":[""Thu, 10 Mar 2022 15:06:16 GMT""],""location"":[""https://www.tvp.info/58969908/granica-polsko-bialoruska-imigranci-zaatakowali-posterunek""],""set-cookie"":[""muc=ed23b85c-be18-483e-b601-49fbc8f40070; Max-Age=34214400; Expires=Mon, 10 Apr 2023 15:01:16 GMT; Domain=t.co; Secure; SameSite=None""],""cache-control"":[""private,max-age=300""],""content-length"":[""0""],""strict-transport-security"":[""max-age=0""],""x-response-time"":[""171""],""x-connection-hash"":[""eacd8df727d2423615a9c744700533427151a14cde63717d47628cc9e7dd6463""]}},{""status"":[200],""version"":[""HTTP/1.1""],""headers"":{""date"":[""Thu, 10 Mar 2022 15:01:11 GMT""],""surrogate-control"":[""content=\""ORAESI/9.0.4\"" max-age=15""],""cache-control"":[""max-age=15""],""x-frame-options"":[""SAMEORIGIN""],""content-type"":[""text/html; charset=UTF-8""],""content-encoding"":[""gzip""],""x-varnish"":[""154769660 154768992""],""age"":[""5""],""via"":[""1.1 varnish-v4""],""x-varp4"":[""portalv4-138""],""x-ttl8080"":[""0""],""x-ttl"":[""15.000""],""connection"":[""keep-alive""],""x-f5"":[""1""],""set-cookie"":[""TVPV4_HBROW=\""bXI8IBxL3246zeWli1X6Ne5FchmB8Mev; expires=Sat, 01 Jan 2050 00:00:00 GMT\""""],""set-cookie.1"":[""ASP17950819=1795132c1ce59c2e13b0e2f9018ce24d317a08d68da27311cebf1d7cd2341d6afc0ae410239edda692872f963181a59514df726416ac8d7c2d4764522f8875a76682cadafc; Path=/; Domain=.www.tvp.info; Secure; HTTPOnly""],""transfer-encoding"":[""chunked""]}}]"
"https://t.co/XXWTMR0kXn","granica","2022-03-10","https://wiadomosci.radiozet.pl/Polska/Granica-polsko-bialoruska.-Ponad-140-prob-przekroczenia-w-ciagu-2-dni.-Sytuacja-sie-zaognila","b35a1eca35e2726a285002014aff26b7",378351,"a515c6d7fd40e2d2cabffb119305391b61eea362","[{""status"":[301],""version"":[""HTTP/2""],""headers"":{""date"":[""Thu, 10 Mar 2022 15:01:49 GMT""],""vary"":[""Origin""],""server"":[""tsa_o""],""expires"":[""Thu, 10 Mar 2022 15:06:49 GMT""],""location"":[""https://wiadomosci.radiozet.pl/Polska/Granica-polsko-bialoruska.-Ponad-140-prob-przekroczenia-w-ciagu-2-dni.-Sytuacja-sie-zaognila""],""set-cookie"":[""muc=ed23b85c-be18-483e-b601-49fbc8f40070; Max-Age=34214400; Expires=Mon, 10 Apr 2023 15:01:49 GMT; Domain=t.co; Secure; SameSite=None""],""cache-control"":[""private,max-age=300""],""content-length"":[""0""],""strict-transport-security"":[""max-age=0""],""x-response-time"":[""167""],""x-connection-hash"":[""eacd8df727d2423615a9c744700533427151a14cde63717d47628cc9e7dd6463""]}},{""status"":[200],""version"":[""HTTP/2""],""headers"":{""date"":[""Thu, 10 Mar 2022 14:57:46 GMT""],""cache-control"":[""max-age=900, public, s-maxage=900""],""pragma"":[""public""],""expires"":[""Thu, 10 Mar 2022 12:57:46 GMT""],""served-by"":[""wiadomosci.radiozet.pl""],""content-language"":[""pl-PL""],""last-modified"":[""Thu, 10 Mar 2022 14:57:46 GMT""],""vary"":[""Accept-Encoding""],""content-type"":[""text/html; charset=utf-8""],""content-encoding"":[""gzip""],""x-varnish"":[""188573779 186741988""],""age"":[""242""],""x-varnish-cache"":[""Hit""],""accept-ranges"":[""bytes""]}}]"
"https://t.co/MLwvweIQJC","granica","2022-03-10","https://dnarynkow.pl/jak-dobrze-rozliczyc-pit-38-od-zyskow-z-gieldy-omowienie-wszystkich-przypadkow/","a0b7bdad9decae0368af277edcd6daa2",152078,"c3f0356579eb23cc484ba1e5dd50bd0b8907ccc6","[{""status"":[301],""version"":[""HTTP/2""],""headers"":{""date"":[""Thu, 10 Mar 2022 15:02:40 GMT""],""vary"":[""Origin""],""server"":[""tsa_o""],""expires"":[""Thu, 10 Mar 2022 15:07:40 GMT""],""location"":[""https://dnarynkow.pl/jak-dobrze-rozliczyc-pit-38-od-zyskow-z-gieldy-omowienie-wszystkich-przypadkow/""],""set-cookie"":[""muc=ed23b85c-be18-483e-b601-49fbc8f40070; Max-Age=34214400; Expires=Mon, 10 Apr 2023 15:02:40 GMT; Domain=t.co; Secure; SameSite=None""],""cache-control"":[""private,max-age=300""],""content-length"":[""0""],""strict-transport-security"":[""max-age=0""],""x-response-time"":[""167""],""x-connection-hash"":[""eacd8df727d2423615a9c744700533427151a14cde63717d47628cc9e7dd6463""]}},{""status"":[200],""version"":[""HTTP/2""],""headers"":{""server"":[""nginx""],""date"":[""Thu, 10 Mar 2022 15:02:44 GMT""],""content-type"":[""text/html; charset=UTF-8""],""content-length"":[""35522""],""x-powered-by"":[""PHP/7.3.27""],""expires"":[""Thu, 19 Nov 1981 08:52:00 GMT""],""cache-control"":[""no-store, no-cache, must-revalidate""],""pragma"":[""no-cache""],""x-pingback"":[""https://dnarynkow.pl/xmlrpc.php""],""link"":[""<https://dnarynkow.pl/wp-json/>; rel=\""https://api.w.org/\"", <https://dnarynkow.pl/wp-json/wp/v2/posts/22714>; rel=\""alternate\""; type=\""application/json\"", <https://dnarynkow.pl/?p=22714>; rel=shortlink""],""set-cookie"":[""PHPSESSID=h9udh1kcmkdq1rhu290c753dqo; path=/""],""vary"":[""Accept-Encoding""],""content-encoding"":[""gzip""],""x-cache-status"":[""MISS""],""x-powered-by.1"":[""PleskLin""]}}]"
"https://t.co/1zW5SwDNC4","granica","2022-03-10","https://granica.gov.pl/index_wait.php?p=b&v=pl&k=w","e83677aba829b2a72d327417b206a6bd",21447,"2494a0a34d5ac73166329645402f51f34b510960","[{""status"":[301],""version"":[""HTTP/2""],""headers"":{""date"":[""Thu, 10 Mar 2022 15:03:06 GMT""],""vary"":[""Origin""],""server"":[""tsa_o""],""expires"":[""Thu, 10 Mar 2022 15:08:07 GMT""],""location"":[""https://granica.gov.pl/index_wait.php?p=b&v=pl&k=w""],""set-cookie"":[""muc=ed23b85c-be18-483e-b601-49fbc8f40070; Max-Age=34214400; Expires=Mon, 10 Apr 2023 15:03:07 GMT; Domain=t.co; Secure; SameSite=None""],""cache-control"":[""private,max-age=300""],""content-length"":[""0""],""strict-transport-security"":[""max-age=0""],""x-response-time"":[""193""],""x-connection-hash"":[""eacd8df727d2423615a9c744700533427151a14cde63717d47628cc9e7dd6463""]}},{""status"":[200],""version"":[""HTTP/1.1""],""headers"":{""date"":[""Thu, 10 Mar 2022 15:03:06 GMT""],""server"":[""Apache""],""content-type"":[""text/html""],""set-cookie"":[""GRANICA_PR_COOKIE=93157642.20480.0000; expires=Thu, 10-Mar-2022 19:03:07 GMT; path=/; Httponly""],""transfer-encoding"":[""chunked""]}}]"
"https://t.co/A5Orq9kjKJ","granica","2022-03-10","https://prnt.sc/xAqhxHz_M4fq","4257baac0224b939ea3adec0a28e6db4",7995,"87056c7556599499722698022d0019ee94ed3e66","[{""status"":[301],""version"":[""HTTP/2""],""headers"":{""date"":[""Thu, 10 Mar 2022 15:03:14 GMT""],""vary"":[""Origin""],""server"":[""tsa_o""],""expires"":[""Thu, 10 Mar 2022 15:08:15 GMT""],""location"":[""https://prnt.sc/xAqhxHz_M4fq""],""set-cookie"":[""muc=ed23b85c-be18-483e-b601-49fbc8f40070; Max-Age=34214400; Expires=Mon, 10 Apr 2023 15:03:15 GMT; Domain=t.co; Secure; SameSite=None""],""cache-control"":[""private,max-age=300""],""content-length"":[""0""],""strict-transport-security"":[""max-age=0""],""x-response-time"":[""170""],""x-connection-hash"":[""eacd8df727d2423615a9c744700533427151a14cde63717d47628cc9e7dd6463""]}},{""status"":[520],""version"":[""HTTP/2""],""headers"":{""date"":[""Thu, 10 Mar 2022 15:03:16 GMT""],""content-type"":[""text/html; charset=UTF-8""],""set-cookie"":[""cf_ob_info=520:6e9cefa8e9c371de:LHR; path=/; expires=Thu, 10-Mar-22 15:03:46 GMT""],""set-cookie.1"":[""cf_use_ob=443; path=/; expires=Thu, 10-Mar-22 15:03:46 GMT""],""x-frame-options"":[""SAMEORIGIN""],""referrer-policy"":[""same-origin""],""cache-control"":[""private, max-age=0, no-store, no-cache, must-revalidate, post-check=0, pre-check=0""],""expires"":[""Thu, 01 Jan 1970 00:00:01 GMT""],""cf-ray"":[""6e9cefa8e9c371de-LHR""],""server"":[""cloudflare""]}}]"
"https://t.co/68OmR5qvBr","granica","2022-03-10","https://ukraina.grupagranica.pl/granica?fbclid=IwAR0PKUNCTbQf8lVppPPuYhT_KwuWliPIzFObEFEaNKXfWuFZtvKdwkLwVJc","d5ced68c2b149d8ccfd0b3018126c475",101298,"197a0b914a50aca148c5dea8eb74abd1ec188b74","[{""status"":[301],""version"":[""HTTP/2""],""headers"":{""date"":[""Thu, 10 Mar 2022 15:03:26 GMT""],""vary"":[""Origin""],""server"":[""tsa_o""],""expires"":[""Thu, 10 Mar 2022 15:08:27 GMT""],""location"":[""https://ukraina.grupagranica.pl/granica?fbclid=IwAR0PKUNCTbQf8lVppPPuYhT_KwuWliPIzFObEFEaNKXfWuFZtvKdwkLwVJc""],""set-cookie"":[""muc=ed23b85c-be18-483e-b601-49fbc8f40070; Max-Age=34214400; Expires=Mon, 10 Apr 2023 15:03:27 GMT; Domain=t.co; Secure; SameSite=None""],""cache-control"":[""private,max-age=300""],""content-length"":[""0""],""strict-transport-security"":[""max-age=0""],""x-response-time"":[""167""],""x-connection-hash"":[""eacd8df727d2423615a9c744700533427151a14cde63717d47628cc9e7dd6463""]}},{""status"":[200],""version"":[""HTTP/2""],""headers"":{""content-type"":[""text/html; charset=utf-8""],""x-matched-path"":[""/[...page]""],""cache-control"":[""public, max-age=0, must-revalidate""],""date"":[""Thu, 10 Mar 2022 15:03:27 GMT""],""x-powered-by"":[""Next.js""],""etag"":[""W/\""191f4-3KneHThb8Hnwlg3SMsVzEa0fOBA\""""],""x-vercel-cache"":[""MISS""],""age"":[""0""],""server"":[""Vercel""],""x-vercel-id"":[""fra1::iad1::sppf5-1646924607460-e37e80f945ba""],""strict-transport-security"":[""max-age=63072000""],""content-encoding"":[""br""]}}]"
"https://t.co/zJ9eeID5y4","granica","2022-03-10","https://ukraina.grupagranica.pl/granica","ce3cea585e233d9192927e1335a33769",101225,"1eb354117b6b176b2ca4355f4dbfa51c01a03466","[{""status"":[301],""version"":[""HTTP/2""],""headers"":{""date"":[""Thu, 10 Mar 2022 15:04:02 GMT""],""vary"":[""Origin""],""server"":[""tsa_o""],""expires"":[""Thu, 10 Mar 2022 15:09:02 GMT""],""location"":[""https://ukraina.grupagranica.pl/granica""],""set-cookie"":[""muc=ed23b85c-be18-483e-b601-49fbc8f40070; Max-Age=34214400; Expires=Mon, 10 Apr 2023 15:04:02 GMT; Domain=t.co; Secure; SameSite=None""],""cache-control"":[""private,max-age=300""],""content-length"":[""0""],""strict-transport-security"":[""max-age=0""],""x-response-time"":[""170""],""x-connection-hash"":[""eacd8df727d2423615a9c744700533427151a14cde63717d47628cc9e7dd6463""]}},{""status"":[200],""version"":[""HTTP/2""],""headers"":{""content-type"":[""text/html; charset=utf-8""],""x-matched-path"":[""/[...page]""],""cache-control"":[""public, max-age=0, must-revalidate""],""date"":[""Thu, 10 Mar 2022 15:03:42 GMT""],""x-powered-by"":[""Next.js""],""etag"":[""W/\""191ab-NME/+5CCRD0GmT3cM7EmntKXd6U\""""],""x-vercel-cache"":[""STALE""],""age"":[""20""],""server"":[""Vercel""],""x-vercel-id"":[""fra1::iad1::sppf5-1646924642879-617e39efd241""],""strict-transport-security"":[""max-age=63072000""],""content-encoding"":[""br""]}}]"
"https://t.co/2UkoQcRdoO","granica","2022-03-10","https://bialystok.tvp.pl/58947686/sytuacja-na-polskobialoruskiej-granicy","05cb14f636229ccb9ea8e92c345c8e35",40154,"f607eac5a6a527a39f9223ca544925bf59c8ee30","[{""status"":[301],""version"":[""HTTP/2""],""headers"":{""date"":[""Thu, 10 Mar 2022 15:04:17 GMT""],""vary"":[""Origin""],""server"":[""tsa_o""],""expires"":[""Thu, 10 Mar 2022 15:09:18 GMT""],""location"":[""https://bialystok.tvp.pl/58947686/sytuacja-na-polskobialoruskiej-granicy""],""set-cookie"":[""muc=ed23b85c-be18-483e-b601-49fbc8f40070; Max-Age=34214400; Expires=Mon, 10 Apr 2023 15:04:18 GMT; Domain=t.co; Secure; SameSite=None""],""cache-control"":[""private,max-age=300""],""content-length"":[""0""],""strict-transport-security"":[""max-age=0""],""x-response-time"":[""171""],""x-connection-hash"":[""eacd8df727d2423615a9c744700533427151a14cde63717d47628cc9e7dd6463""]}},{""status"":[200],""version"":[""HTTP/1.1""],""headers"":{""date"":[""Thu, 10 Mar 2022 15:04:18 GMT""],""surrogate-control"":[""content=\""ORAESI/9.0.4\"" max-age=15""],""cache-control"":[""max-age=15""],""content-type"":[""text/html; charset=UTF-8""],""content-encoding"":[""gzip""],""x-varnish"":[""538514096""],""age"":[""0""],""via"":[""1.1 varnish-v4""],""x-varp4"":[""portalv4-163""],""x-ttl8080"":[""0""],""x-ttl"":[""15.000""],""connection"":[""keep-alive""],""x-f5"":[""1""],""set-cookie"":[""TVPV4_HBROW=\""Gyq72ytBCZHq61OUJ4RK1ljJ3b5zO0lW; expires=Sat, 01 Jan 2050 00:00:00 GMT\""""],""set-cookie.1"":[""ASP17bb680c=1795132c1ca4fd0a21b2c30108cae831349a8ef6e8bd0317832140d2785fccdd49518363dd4b37f23eb67bda796b28087633e12e4526845d10c5e59d582ccf17c29a8aaaf8; Path=/; Domain=.bialystok.tvp.pl; Secure; HTTPOnly""],""transfer-encoding"":[""chunked""]}}]"
"https://t.co/45XOnWT7we","granica","2022-03-10","https://dorzeczy.pl/273427","8771399e450b7c619ab2490b0d9d5847",67905,"1ae4060c919eec7bd8abafc58816e7ef4f842903","[{""status"":[301],""version"":[""HTTP/2""],""headers"":{""date"":[""Thu, 10 Mar 2022 15:04:29 GMT""],""vary"":[""Origin""],""server"":[""tsa_o""],""expires"":[""Thu, 10 Mar 2022 15:09:29 GMT""],""location"":[""https://dorzeczy.pl/273427""],""set-cookie"":[""muc=ed23b85c-be18-483e-b601-49fbc8f40070; Max-Age=34214400; Expires=Mon, 10 Apr 2023 15:04:29 GMT; Domain=t.co; Secure; SameSite=None""],""cache-control"":[""private,max-age=300""],""content-length"":[""0""],""strict-transport-security"":[""max-age=0""],""x-response-time"":[""169""],""x-connection-hash"":[""eacd8df727d2423615a9c744700533427151a14cde63717d47628cc9e7dd6463""]}},{""status"":[301],""version"":[""HTTP/2""],""headers"":{""server"":[""nginx""],""date"":[""Thu, 10 Mar 2022 15:04:30 GMT""],""content-type"":[""text/html; charset=utf-8""],""set-cookie"":[""dorzeczypl=_sIWi2umoQBQSOQO2MkhizBQvpCrMgbFo6Solur9CC9wMrlvzPOqBUdGgKhepe0J; path=/; domain=.dorzeczy.pl; HttpOnly""],""cache-control"":[""no-store, no-cache, must-revalidate""],""location"":[""https://dorzeczy.pl/opinie/273427/granica-polsko-bialoruska-zaryn-znow-rosnie-agresja.html""],""x-end"":[""after 0.0296 sec; srnr=158""],""etag"":[""\""dda93ea5eeea72519703afc748ec6eaaa3bc27948fa272c5\""""],""x-varnish"":[""970146492""],""age"":[""0""],""via"":[""1.1 varnish (Varnish/6.0)""],""content-length"":[""0""]}},{""status"":[200],""version"":[""HTTP/2""],""headers"":{""server"":[""nginx""],""date"":[""Thu, 10 Mar 2022 15:04:30 GMT""],""content-type"":[""text/html; charset=UTF-8""],""x-save-to-ri"":[""Thu, 10 Mar 2022 15:04:30 GMT""],""cache-control"":[""max-age=120, must-revalidate""],""x-end"":[""after 0.0541 sec; srnr=54""],""etag"":[""W/\""f926d8642f33db5402e3aa66be349626e9f2fd85d503f9d3\""""],""content-encoding"":[""gzip""],""vary"":[""Accept-Encoding""],""x-varnish"":[""970146502""],""age"":[""0""],""via"":[""1.1 varnish (Varnish/6.0)""],""accept-ranges"":[""bytes""]}}]"
"https://t.co/vKraliNAzg","granica","2022-03-10","https://dorzeczy.pl/opinie/273427/granica-polsko-bialoruska-zaryn-znow-rosnie-agresja.html","e335ec3a1da1b84e93d845f003450e93",67905,"1ae4060c919eec7bd8abafc58816e7ef4f842903","[{""status"":[301],""version"":[""HTTP/2""],""headers"":{""date"":[""Thu, 10 Mar 2022 15:04:47 GMT""],""vary"":[""Origin""],""server"":[""tsa_o""],""expires"":[""Thu, 10 Mar 2022 15:09:47 GMT""],""location"":[""https://dorzeczy.pl/opinie/273427/granica-polsko-bialoruska-zaryn-znow-rosnie-agresja.html""],""set-cookie"":[""muc=ed23b85c-be18-483e-b601-49fbc8f40070; Max-Age=34214400; Expires=Mon, 10 Apr 2023 15:04:47 GMT; Domain=t.co; Secure; SameSite=None""],""cache-control"":[""private,max-age=300""],""content-length"":[""0""],""strict-transport-security"":[""max-age=0""],""x-response-time"":[""170""],""x-connection-hash"":[""eacd8df727d2423615a9c744700533427151a14cde63717d47628cc9e7dd6463""]}},{""status"":[200],""version"":[""HTTP/2""],""headers"":{""server"":[""nginx""],""date"":[""Thu, 10 Mar 2022 15:04:30 GMT""],""content-type"":[""text/html; charset=UTF-8""],""x-save-to-ri"":[""Thu, 10 Mar 2022 15:04:30 GMT""],""cache-control"":[""max-age=120, must-revalidate""],""x-end"":[""after 0.0541 sec; srnr=54""],""etag"":[""W/\""f926d8642f33db5402e3aa66be349626e9f2fd85d503f9d3\""""],""content-encoding"":[""gzip""],""vary"":[""Accept-Encoding""],""x-varnish"":[""969859092 970146503""],""age"":[""17""],""via"":[""1.1 varnish (Varnish/6.0)""],""accept-ranges"":[""bytes""],""content-length"":[""14486""]}}]"
"https://t.co/e63Lyorplr","granica","2022-03-10","https://nowiny.pl/187990","178ef8ee59d43cca847bd8f23c82e71f",137266,"0f582b6468ed76aba885fbaa65a127c3bb1f1a85","[{""status"":[301],""version"":[""HTTP/2""],""headers"":{""date"":[""Thu, 10 Mar 2022 15:05:08 GMT""],""vary"":[""Origin""],""server"":[""tsa_o""],""expires"":[""Thu, 10 Mar 2022 15:10:08 GMT""],""location"":[""https://nowiny.pl/187990""],""set-cookie"":[""muc=ed23b85c-be18-483e-b601-49fbc8f40070; Max-Age=34214400; Expires=Mon, 10 Apr 2023 15:05:08 GMT; Domain=t.co; Secure; SameSite=None""],""cache-control"":[""private,max-age=300""],""content-length"":[""0""],""strict-transport-security"":[""max-age=0""],""x-response-time"":[""171""],""x-connection-hash"":[""eacd8df727d2423615a9c744700533427151a14cde63717d47628cc9e7dd6463""]}},{""status"":[301],""version"":[""HTTP/1.1""],""headers"":{""server"":[""nginx/1.14.0 (Ubuntu)""],""date"":[""Thu, 10 Mar 2022 15:05:08 GMT""],""content-type"":[""text/html""],""content-length"":[""194""],""connection"":[""keep-alive""],""location"":[""https://www.nowiny.pl/187990""]}},{""status"":[200],""version"":[""HTTP/1.1""],""headers"":{""server"":[""nginx/1.14.0 (Ubuntu)""],""date"":[""Thu, 10 Mar 2022 15:05:08 GMT""],""content-type"":[""text/html; charset=UTF-8""],""transfer-encoding"":[""chunked""],""connection"":[""keep-alive""],""set-cookie"":[""NWNSD=8b9d89dc5f60cd61bbda814642ed7d78; expires=Thu, 10-Mar-2022 21:05:08 GMT; Max-Age=21600; path=/; domain=.nowiny.pl; secure; HttpOnly""],""expires"":[""Thu, 19 Nov 1981 08:52:00 GMT""],""cache-control"":[""no-store, no-cache, must-revalidate""],""pragma"":[""no-cache""],""set-cookie.1"":[""NWN_CORRELATION=2932cc2f5930cb298ff5966f7a992746; expires=Fri, 10-Mar-2023 15:05:08 GMT; Max-Age=31536000; path=/; domain=.nowiny.pl""],""vary"":[""Accept-Encoding""],""content-encoding"":[""gzip""],""accept-ranges"":[""bytes""]}}]"
"https://t.co/ZzUEcEnEA9","granica","2022-03-10","https://miedzyrzecz.biz/aktualnosci/program-rodzina-500-dla-rodzicow-pracujacych-za-granica-slabe-efekty-pomimo-staran/","767078bf95545f0def93f3350518afc7",396272,"8ec5107f21037db662867ab3fa29cb7e82fe19a0","[{""status"":[301],""version"":[""HTTP/2""],""headers"":{""date"":[""Thu, 10 Mar 2022 15:05:09 GMT""],""vary"":[""Origin""],""server"":[""tsa_o""],""expires"":[""Thu, 10 Mar 2022 15:10:09 GMT""],""location"":[""https://miedzyrzecz.biz/aktualnosci/program-rodzina-500-dla-rodzicow-pracujacych-za-granica-slabe-efekty-pomimo-staran/""],""set-cookie"":[""muc=ed23b85c-be18-483e-b601-49fbc8f40070; Max-Age=34214400; Expires=Mon, 10 Apr 2023 15:05:09 GMT; Domain=t.co; Secure; SameSite=None""],""cache-control"":[""private,max-age=300""],""content-length"":[""0""],""strict-transport-security"":[""max-age=0""],""x-response-time"":[""170""],""x-connection-hash"":[""eacd8df727d2423615a9c744700533427151a14cde63717d47628cc9e7dd6463""]}},{""status"":[200],""version"":[""HTTP/1.1""],""headers"":{""server"":[""nginx/1.16.1""],""date"":[""Thu, 10 Mar 2022 15:05:12 GMT""],""content-type"":[""text/html; charset=UTF-8""],""transfer-encoding"":[""chunked""],""connection"":[""keep-alive""],""keep-alive"":[""timeout=60""],""vary"":[""Accept-Encoding""],""x-pingback"":[""https://miedzyrzecz.biz/xmlrpc.php""],""link"":[""<https://miedzyrzecz.biz/wp-json/>; rel=\""https://api.w.org/\"", <https://miedzyrzecz.biz/wp-json/wp/v2/posts/96419>; rel=\""alternate\""; type=\""application/json\"", <https://miedzyrzecz.biz/?p=96419>; rel=shortlink""],""upgrade"":[""h2,h2c""],""last-modified"":[""Thu, 10 Mar 2022 15:05:12 GMT""],""x-cache"":[""HIT from Backend""],""strict-transport-security"":[""max-age=31536000""],""x-xss-protection"":[""1; mode=block""],""x-content-type-options"":[""nosniff""],""content-encoding"":[""gzip""]}}]"
"https://t.co/55clNG6ZSQ","granica","2022-03-10","https://wiadomosci.gazeta.pl/wiadomosci/7,114883,28201761,granica-z-bialorusia-rada-klimatyczna-uj-zapora-nie-ma-racjonalnego.html#do_w=57&do_v=391&do_st=RS&do_sid=750&do_a=750&s=BoxOpLink","c288bcbf82795dad7a19fae338f006de",353996,"be1dc2db4431f1cf7c43f06d8097999dd359e050","[{""status"":[301],""version"":[""HTTP/2""],""headers"":{""date"":[""Thu, 10 Mar 2022 15:05:22 GMT""],""vary"":[""Origin""],""server"":[""tsa_o""],""expires"":[""Thu, 10 Mar 2022 15:10:22 GMT""],""location"":[""https://wiadomosci.gazeta.pl/wiadomosci/7,114883,28201761,granica-z-bialorusia-rada-klimatyczna-uj-zapora-nie-ma-racjonalnego.html#do_w=57&do_v=391&do_st=RS&do_sid=750&do_a=750&s=BoxOpLink""],""set-cookie"":[""muc=ed23b85c-be18-483e-b601-49fbc8f40070; Max-Age=34214400; Expires=Mon, 10 Apr 2023 15:05:22 GMT; Domain=t.co; Secure; SameSite=None""],""cache-control"":[""private,max-age=300""],""content-length"":[""0""],""strict-transport-security"":[""max-age=0""],""x-response-time"":[""169""],""x-connection-hash"":[""eacd8df727d2423615a9c744700533427151a14cde63717d47628cc9e7dd6463""]}},{""status"":[200],""version"":[""HTTP/2""],""headers"":{""date"":[""Thu, 10 Mar 2022 15:05:22 GMT""],""server"":[""Apache.app33""],""vary"":[""User-Agent,non-referer,Accept-Encoding""],""content-type"":[""text/html;charset=ISO-8859-2""],""content-language"":[""pl""],""set-cookie"":[""SERWISYN_SID=446C02EDD935A69C6F5DEB02B8E4A792.rogue33; Path=/; Secure; HttpOnly""],""set-cookie.1"":[""alltab=I; Domain=.gazeta.pl; Expires=Fri, 10-Mar-2023 15:05:22 GMT; Path=/""],""set-cookie.2"":[""alltabprof=#; Domain=.gazeta.pl; Expires=Thu, 10-Mar-2022 15:10:22 GMT; Path=/""],""set-cookie.3"":[""alltabusersegments=#; Domain=.gazeta.pl; Expires=Thu, 10-Mar-2022 15:10:22 GMT; Path=/""],""set-cookie.4"":[""cric_pubid=d4907200-e45f-476f-a62f-d2919c842ca2; Domain=gazeta.pl; Expires=Wed, 28-Feb-2024 15:05:22 GMT; Path=/; Secure; HttpOnly""],""set-cookie.5"":[""cric_hid=\""\""; Domain=gazeta.pl; Expires=Thu, 01-Jan-1970 00:00:10 GMT; Path=/; Secure; HttpOnly""],""set-cookie.6"":[""cric_adid=6866fcbbdcd507cfe35886e9; Domain=gazeta.pl; Expires=Wed, 28-Feb-2024 15:05:22 GMT; Path=/; Secure; HttpOnly""],""set-cookie.7"":[""test=193A0A72A206k1646924722628; Domain=.gazeta.pl; Expires=Sat, 09-Mar-2024 15:05:22 GMT; Path=/""],""content-encoding"":[""gzip""]}}]"
"https://t.co/D5Yc5YYdRU","granica","2022-03-10","https://dorzeczy.pl/opinie/273271/morawiecki-za-nasza-granica-wykuwa-sie-nowy-porzadek.html","23e5ce42da6b0949acf1d2acd01e92fa",70748,"24f66e60dac68af2c4e13a4f48c33da6d42763f0","[{""status"":[301],""version"":[""HTTP/2""],""headers"":{""date"":[""Thu, 10 Mar 2022 15:05:26 GMT""],""vary"":[""Origin""],""server"":[""tsa_o""],""expires"":[""Thu, 10 Mar 2022 15:10:26 GMT""],""location"":[""https://dorzeczy.pl/opinie/273271/morawiecki-za-nasza-granica-wykuwa-sie-nowy-porzadek.html""],""set-cookie"":[""muc=ed23b85c-be18-483e-b601-49fbc8f40070; Max-Age=34214400; Expires=Mon, 10 Apr 2023 15:05:26 GMT; Domain=t.co; Secure; SameSite=None""],""cache-control"":[""private,max-age=300""],""content-length"":[""0""],""strict-transport-security"":[""max-age=0""],""x-response-time"":[""173""],""x-connection-hash"":[""eacd8df727d2423615a9c744700533427151a14cde63717d47628cc9e7dd6463""]}},{""status"":[200],""version"":[""HTTP/2""],""headers"":{""server"":[""nginx""],""date"":[""Thu, 10 Mar 2022 15:05:27 GMT""],""content-type"":[""text/html; charset=UTF-8""],""x-save-to-ri"":[""Thu, 10 Mar 2022 15:05:27 GMT""],""cache-control"":[""max-age=120, must-revalidate""],""x-end"":[""after 0.0604 sec; srnr=74""],""etag"":[""W/\""e18b6ad6439299fc43a3455dfcd7bff32b9146c8569aa631\""""],""content-encoding"":[""gzip""],""vary"":[""Accept-Encoding""],""x-varnish"":[""981263076""],""age"":[""0""],""via"":[""1.1 varnish (Varnish/6.0)""],""accept-ranges"":[""bytes""]}}]"
"https://t.co/oZjmpyVcQx","granica","2022-03-10","https://korso24.pl/wiadomosci/drozyzna-na-stacjach-paliw-przekroczona-zostala-granica-8-zlotych-za-litr/HJSIbGkjh5tzPmdzPc8m","3f2552df3da65fc010739fcfd67dff27",418831,"d6b32e620aee1732b006caf8864f29b99291e0a8","[{""status"":[301],""version"":[""HTTP/2""],""headers"":{""date"":[""Thu, 10 Mar 2022 15:05:30 GMT""],""vary"":[""Origin""],""server"":[""tsa_o""],""expires"":[""Thu, 10 Mar 2022 15:10:30 GMT""],""location"":[""https://korso24.pl/wiadomosci/drozyzna-na-stacjach-paliw-przekroczona-zostala-granica-8-zlotych-za-litr/HJSIbGkjh5tzPmdzPc8m""],""set-cookie"":[""muc=ed23b85c-be18-483e-b601-49fbc8f40070; Max-Age=34214400; Expires=Mon, 10 Apr 2023 15:05:30 GMT; Domain=t.co; Secure; SameSite=None""],""cache-control"":[""private,max-age=300""],""content-length"":[""0""],""strict-transport-security"":[""max-age=0""],""x-response-time"":[""172""],""x-connection-hash"":[""eacd8df727d2423615a9c744700533427151a14cde63717d47628cc9e7dd6463""]}},{""status"":[200],""version"":[""HTTP/2""],""headers"":{""date"":[""Thu, 10 Mar 2022 15:05:31 GMT""],""content-type"":[""text/html; charset=utf-8""],""x-powered-by"":[""Express""],""vary"":[""Accept-Encoding""],""cf-cache-status"":[""DYNAMIC""],""expect-ct"":[""max-age=604800, report-uri=\""https://report-uri.cloudflare.com/cdn-cgi/beacon/expect-ct\""""],""report-to"":[""{\""endpoints\"":[{\""url\"":\""https:\\/\\/a.nel.cloudflare.com\\/report\\/v3?s=9CZ5q%2BUm5G4mS348FcB8DG9DyKA7h4WpvHLJitpmFz6X89qpwvfJNVgPJ1p1FQRHzMRaDrAKlav32wxXNc6sOC1bfaznbBOIruc5sdwwcAm8E%2BUBUiebDaUWxKdQ\""}],\""group\"":\""cf-nel\"",\""max_age\"":604800}""],""nel"":[""{\""success_fraction\"":0,\""report_to\"":\""cf-nel\"",\""max_age\"":604800}""],""server"":[""cloudflare""],""cf-ray"":[""6e9cf2f21cdf75e1-LHR""],""content-encoding"":[""br""],""alt-svc"":[""h3=\"":443\""; ma=86400, h3-29=\"":443\""; ma=86400""]}}]"
"https://t.co/Oy7Fgwny7q","granica","2022-03-10","https://pl.your-shop-online.in/?p=61274","36b80c84d20f5118b48776b896736ef0",59785,"5f773145d9949d9a22cd7b7113745a193d066d26","[{""status"":[301],""version"":[""HTTP/2""],""headers"":{""date"":[""Thu, 10 Mar 2022 15:05:46 GMT""],""vary"":[""Origin""],""server"":[""tsa_o""],""expires"":[""Thu, 10 Mar 2022 15:10:46 GMT""],""location"":[""https://pl.your-shop-online.in/?p=61274""],""set-cookie"":[""muc=ed23b85c-be18-483e-b601-49fbc8f40070; Max-Age=34214400; Expires=Mon, 10 Apr 2023 15:05:46 GMT; Domain=t.co; Secure; SameSite=None""],""cache-control"":[""private,max-age=300""],""content-length"":[""0""],""strict-transport-security"":[""max-age=0""],""x-response-time"":[""171""],""x-connection-hash"":[""eacd8df727d2423615a9c744700533427151a14cde63717d47628cc9e7dd6463""]}},{""status"":[200],""version"":[""HTTP/2""],""headers"":{""date"":[""Thu, 10 Mar 2022 15:05:47 GMT""],""content-type"":[""text/html; charset=UTF-8""],""x-powered-by"":[""PHP/7.4.25""],""x-ua-compatible"":[""IE=edge""],""x-pingback"":[""https://pl.your-shop-online.in/xmlrpc.php""],""link"":[""<https://pl.your-shop-online.in/index.php?rest_route=/>; rel=\""https://api.w.org/\""""],""link.1"":[""<https://pl.your-shop-online.in/index.php?rest_route=/wp/v2/posts/61274>; rel=\""alternate\""; type=\""application/json\""""],""link.2"":[""<https://pl.your-shop-online.in/?p=61274>; rel=shortlink""],""vary"":[""Accept-Encoding""],""content-security-policy"":[""upgrade-insecure-requests""],""x-turbo-charged-by"":[""LiteSpeed""],""cf-cache-status"":[""DYNAMIC""],""expect-ct"":[""max-age=604800, report-uri=\""https://report-uri.cloudflare.com/cdn-cgi/beacon/expect-ct\""""],""report-to"":[""{\""endpoints\"":[{\""url\"":\""https:\\/\\/a.nel.cloudflare.com\\/report\\/v3?s=si1bSzRSAVflENz0fZzvCfuy3H%2FlvLnvTA33hewbhD5EiOMsa1PLk0rfhUW4FnfHma53xYIzblUYXJWo9TLV0F2qHulVZKJ8hk1kTqQvHAHX7Wm1oDNOE5BOleF9m8L2%2FY0iz764xOt1\""}],\""group\"":\""cf-nel\"",\""max_age\"":604800}""],""nel"":[""{\""success_fraction\"":0,\""report_to\"":\""cf-nel\"",\""max_age\"":604800}""],""server"":[""cloudflare""],""cf-ray"":[""6e9cf351196475c9-LHR""],""content-encoding"":[""br""],""alt-svc"":[""h3=\"":443\""; ma=86400, h3-29=\"":443\""; ma=86400""]}}]"
"https://t.co/iuBPMke0NO","granica","2022-03-10","https://wp.me/p3fv0T-doW","9e0c9348386f7185879be30078886735",133578,"420ef88401b0c7fdf71e19bbf3281cef65648099","[{""status"":[301],""version"":[""HTTP/2""],""headers"":{""date"":[""Thu, 10 Mar 2022 15:06:17 GMT""],""vary"":[""Origin""],""server"":[""tsa_o""],""expires"":[""Thu, 10 Mar 2022 15:11:17 GMT""],""location"":[""https://wp.me/p3fv0T-doW""],""set-cookie"":[""muc=ed23b85c-be18-483e-b601-49fbc8f40070; Max-Age=34214400; Expires=Mon, 10 Apr 2023 15:06:17 GMT; Domain=t.co; Secure; SameSite=None""],""cache-control"":[""private,max-age=300""],""content-length"":[""0""],""strict-transport-security"":[""max-age=0""],""x-response-time"":[""170""],""x-connection-hash"":[""eacd8df727d2423615a9c744700533427151a14cde63717d47628cc9e7dd6463""]}},{""status"":[301],""version"":[""HTTP/2""],""headers"":{""server"":[""nginx""],""date"":[""Thu, 10 Mar 2022 15:06:18 GMT""],""content-type"":[""text/html; charset=utf-8""],""location"":[""https://zawielkimmurem.net/2022/03/09/alw-bedzie-kierowac-sie-prawem-za-granica/""],""x-ac"":[""2.hhn _dfw ""]}},{""status"":[200],""version"":[""HTTP/2""],""headers"":{""server"":[""nginx""],""date"":[""Thu, 10 Mar 2022 15:06:18 GMT""],""content-type"":[""text/html; charset=UTF-8""],""strict-transport-security"":[""max-age=31536000""],""vary"":[""Accept-Encoding""],""vary.1"":[""Cookie""],""x-hacker"":[""If you're reading this, you should visit automattic.com/jobs and apply to join the fun, mention this header.""],""host-header"":[""WordPress.com""],""x-pingback"":[""https://zawielkimmurem.net/xmlrpc.php""],""link"":[""<https://wp.me/p3fv0T-doW>; rel=shortlink""],""content-encoding"":[""br""],""x-ac"":[""2.hhn _dfw ""]}}]"
"https://t.co/eqZ1aakhbp","granica","2022-03-10","https://lublin.wyborcza.pl/lublin/7,48724,28193031,setki-tirow-wciaz-jedzie-przez-polske-na-bialorus-z-lekami.html","44426d2724b788fd0020350efd61d29e",11214,"12e8d51ae75f0c47c79f0261d9008778029f3c69","[{""status"":[301],""version"":[""HTTP/2""],""headers"":{""date"":[""Thu, 10 Mar 2022 15:07:26 GMT""],""vary"":[""Origin""],""server"":[""tsa_o""],""expires"":[""Thu, 10 Mar 2022 15:12:26 GMT""],""location"":[""https://lublin.wyborcza.pl/lublin/7,48724,28193031,setki-tirow-wciaz-jedzie-przez-polske-na-bialorus-z-lekami.html""],""set-cookie"":[""muc=ed23b85c-be18-483e-b601-49fbc8f40070; Max-Age=34214400; Expires=Mon, 10 Apr 2023 15:07:26 GMT; Domain=t.co; Secure; SameSite=None""],""cache-control"":[""private,max-age=300""],""content-length"":[""0""],""strict-transport-security"":[""max-age=0""],""x-response-time"":[""171""],""x-connection-hash"":[""eacd8df727d2423615a9c744700533427151a14cde63717d47628cc9e7dd6463""]}},{""status"":[302],""version"":[""HTTP/2""],""headers"":{""date"":[""Thu, 10 Mar 2022 15:07:25 GMT""],""server"":[""Apache""],""referrer-policy"":[""no-referrer-when-downgrade""],""location"":[""https://login.wyborcza.pl/services/init-session?redirect=https%3A%2F%2Flublin.wyborcza.pl%2Flublin%2F7%2C48724%2C28193031%2Csetki-tirow-wciaz-jedzie-przez-polske-na-bialorus-z-lekami.html""],""content-length"":[""0""],""vary"":[""User-Agent""],""content-type"":[""text/html; charset=ISO-8859-2""],""strict-transport-security"":[""max-age=0; includeSubDomains""]}},{""status"":[302],""version"":[""HTTP/1.1""],""headers"":{""date"":[""Thu, 10 Mar 2022 15:07:25 GMT""],""server"":[""Apache""],""cache-control"":[""no-cache, no-store, must-revalidate""],""pragma"":[""no-cache""],""expires"":[""0""],""x-content-type-options"":[""nosniff""],""x-xss-protection"":[""1; mode=block""],""location"":[""https://lublin.wyborcza.pl/lublin/7,48724,28193031,setki-tirow-wciaz-jedzie-przez-polske-na-bialorus-z-lekami.html?ssoSessionId=cedba442c79977f66121d834187fa320459b5856c5fcb5978aedeb6c31d3593a""],""content-language"":[""en-US""],""content-length"":[""0""],""set-cookie"":[""SsoSessionPermanent=cedba442c79977f66121d834187fa320459b5856c5fcb5978aedeb6c31d3593a; Domain=.wyborcza.pl; Expires=Tue, 09-Mar-2027 15:07:26 GMT; Path=/; Secure; SameSite=None""],""vary"":[""User-Agent""],""connection"":[""close""]}},{""status"":[302],""version"":[""HTTP/2""],""headers"":{""date"":[""Thu, 10 Mar 2022 15:07:25 GMT""],""server"":[""Apache""],""referrer-policy"":[""no-referrer-when-downgrade""],""location"":[""https://lublin.wyborcza.pl/lublin/7,48724,28193031,setki-tirow-wciaz-jedzie-przez-polske-na-bialorus-z-lekami.html?disableRedirects=true""],""content-length"":[""0""],""set-cookie"":[""GW_SID=58B0A6DAE1B29F5B934E7FBBA616758B.tomwybo22; Path=/; Secure; HttpOnly; SameSite=None""],""vary"":[""User-Agent""],""content-type"":[""text/html; charset=ISO-8859-2""],""strict-transport-security"":[""max-age=0; includeSubDomains""]}},{""status"":[200],""version"":[""HTTP/2""],""headers"":{""date"":[""Thu, 10 Mar 2022 15:07:25 GMT""],""server"":[""Apache""],""referrer-policy"":[""no-referrer-when-downgrade""],""content-type"":[""text/html;charset=UTF-8""],""set-cookie"":[""initialParams=%7B%22initialPage%22%3A%22https%3A%2F%2Flublin.wyborcza.pl%2Flublin%2F7%2C48724%2C28193031%2Csetki-tirow-wciaz-jedzie-przez-polske-na-bialorus-z-lekami.html%3FdisableRedirects%3Dtrue%22%7D; Path=/; Secure; SameSite=None""],""set-cookie.1"":[""SquidLocalUID=d2a21248a9b746623c05536a; Domain=wyborcza.pl; Expires=Sun, 09-Mar-2025 15:07:26 GMT; Path=/; Secure; SameSite=None""],""vary"":[""Accept-Encoding,User-Agent""],""content-encoding"":[""gzip""],""content-length"":[""3072""],""strict-transport-security"":[""max-age=0; includeSubDomains""]}}]"
"https://t.co/CizxNrgGS9","granica","2022-03-10","https://meteo.pl/um/php/meteorogram_id_um.php?ntype=0u&id=123","7ccc4991d12dc67221038414a7c63a5c",NA,"7ab8a556c13c99bc519d3e36eed2c239c61a25da","[{""status"":[301],""version"":[""HTTP/2""],""headers"":{""date"":[""Thu, 10 Mar 2022 15:07:39 GMT""],""vary"":[""Origin""],""server"":[""tsa_o""],""expires"":[""Thu, 10 Mar 2022 15:12:39 GMT""],""location"":[""https://meteo.pl/um/php/meteorogram_id_um.php?ntype=0u&id=123""],""set-cookie"":[""muc=ed23b85c-be18-483e-b601-49fbc8f40070; Max-Age=34214400; Expires=Mon, 10 Apr 2023 15:07:39 GMT; Domain=t.co; Secure; SameSite=None""],""cache-control"":[""private,max-age=300""],""content-length"":[""0""],""strict-transport-security"":[""max-age=0""],""x-response-time"":[""168""],""x-connection-hash"":[""eacd8df727d2423615a9c744700533427151a14cde63717d47628cc9e7dd6463""]}},{""status"":[200],""version"":[""HTTP/1.1""],""headers"":{""server"":[""nginx/1.8.1""],""date"":[""Thu, 10 Mar 2022 15:07:40 GMT""],""content-type"":[""text/html""],""transfer-encoding"":[""chunked""],""connection"":[""keep-alive""],""x-powered-by"":[""PHP/5.2.0""],""pragma"":[""no-cache""],""set-cookie"":[""METEO_PL=a%3A4%3A%7Bi%3A0%3Bi%3A239333658%3Bi%3A1%3Bs%3A12%3A%22WWW_METEO_PL%22%3Bi%3A2%3Bs%3A13%3A%221646924860171%22%3Bi%3A3%3Bi%3A0%3B%7D; expires=Tue, 17-Aug-2038 15:07:40 GMT; path=/""],""content-encoding"":[""gzip""]}}]"
"https://t.co/8AcexSl20n","granica","2022-03-10","https://youtu.be/AaaYyYQVWNs","7a2b6134327558073bd2624190eb24b0",598509,"40072e2461573d3633d6601d5a169583b34cc098","[{""status"":[301],""version"":[""HTTP/2""],""headers"":{""date"":[""Thu, 10 Mar 2022 15:08:16 GMT""],""vary"":[""Origin""],""server"":[""tsa_o""],""expires"":[""Thu, 10 Mar 2022 15:13:17 GMT""],""location"":[""https://youtu.be/AaaYyYQVWNs""],""set-cookie"":[""muc=ed23b85c-be18-483e-b601-49fbc8f40070; Max-Age=34214400; Expires=Mon, 10 Apr 2023 15:08:17 GMT; Domain=t.co; Secure; SameSite=None""],""cache-control"":[""private,max-age=300""],""content-length"":[""0""],""strict-transport-security"":[""max-age=0""],""x-response-time"":[""169""],""x-connection-hash"":[""eacd8df727d2423615a9c744700533427151a14cde63717d47628cc9e7dd6463""]}},{""status"":[303],""version"":[""HTTP/2""],""headers"":{""content-type"":[""application/binary""],""x-content-type-options"":[""nosniff""],""cache-control"":[""no-cache, no-store, max-age=0, must-revalidate""],""pragma"":[""no-cache""],""expires"":[""Mon, 01 Jan 1990 00:00:00 GMT""],""date"":[""Thu, 10 Mar 2022 15:08:17 GMT""],""location"":[""https://www.youtube.com/watch?v=AaaYyYQVWNs&feature=youtu.be""],""x-frame-options"":[""SAMEORIGIN""],""strict-transport-security"":[""max-age=31536000""],""cross-origin-opener-policy-report-only"":[""same-origin; report-to=\""ATmXEA-sBTmFNeq0fgnf2lbHCfMYdIvvSknZD-c-\""""],""report-to"":[""{\""group\"":\""ATmXEA-sBTmFNeq0fgnf2lbHCfMYdIvvSknZD-c-\"",\""max_age\"":2592000,\""endpoints\"":[{\""url\"":\""https://csp.withgoogle.com/csp/report-to/encsid_ATmXEA-sBTmFNeq0fgnf2lbHCfMYdIvvSknZD-c-\""}]}""],""permissions-policy"":[""ch-ua-arch=*, ch-ua-bitness=*, ch-ua-full-version=*, ch-ua-full-version-list=*, ch-ua-model=*, ch-ua-platform=*, ch-ua-platform-version=*""],""p3p"":[""CP=\""This is not a P3P policy! See http://support.google.com/accounts/answer/151657?hl=pl for more info.\""""],""server"":[""ESF""],""content-length"":[""0""],""x-xss-protection"":[""0""],""set-cookie"":[""YSC=pK8-rz21SSk; Domain=.youtube.com; Path=/; Secure; HttpOnly; SameSite=none""],""set-cookie.1"":[""CONSENT=PENDING+293; expires=Sat, 09-Mar-2024 15:08:17 GMT; path=/; domain=.youtu.be; Secure""],""alt-svc"":[""h3=\"":443\""; ma=2592000,h3-29=\"":443\""; ma=2592000,h3-Q050=\"":443\""; ma=2592000,h3-Q046=\"":443\""; ma=2592000,h3-Q043=\"":443\""; ma=2592000,quic=\"":443\""; ma=2592000; v=\""46,43\""""]}},{""status"":[200],""version"":[""HTTP/2""],""headers"":{""content-type"":[""text/html; charset=utf-8""],""x-content-type-options"":[""nosniff""],""cache-control"":[""no-cache, no-store, max-age=0, must-revalidate""],""pragma"":[""no-cache""],""expires"":[""Mon, 01 Jan 1990 00:00:00 GMT""],""date"":[""Thu, 10 Mar 2022 15:08:17 GMT""],""x-frame-options"":[""SAMEORIGIN""],""strict-transport-security"":[""max-age=31536000""],""permissions-policy"":[""ch-ua-arch=*, ch-ua-bitness=*, ch-ua-full-version=*, ch-ua-full-version-list=*, ch-ua-model=*, ch-ua-platform=*, ch-ua-platform-version=*""],""report-to"":[""{\""group\"":\""ATmXEA_XZXH6CdbrmjUzyTbVgxu22C8KYH7NsxKbRt94\"",\""max_age\"":2592000,\""endpoints\"":[{\""url\"":\""https://csp.withgoogle.com/csp/report-to/encsid_ATmXEA_XZXH6CdbrmjUzyTbVgxu22C8KYH7NsxKbRt94\""}]}""],""cross-origin-opener-policy-report-only"":[""same-origin; report-to=\""ATmXEA_XZXH6CdbrmjUzyTbVgxu22C8KYH7NsxKbRt94\""""],""p3p"":[""CP=\""This is not a P3P policy! See http://support.google.com/accounts/answer/151657?hl=pl for more info.\""""],""content-encoding"":[""gzip""],""server"":[""ESF""],""x-xss-protection"":[""0""],""set-cookie"":[""YSC=xHQoIsoS8BA; Domain=.youtube.com; Path=/; Secure; HttpOnly; SameSite=none""],""set-cookie.1"":[""VISITOR_INFO1_LIVE=; Domain=.youtube.com; Expires=Fri, 14-Jun-2019 15:08:17 GMT; Path=/; Secure; HttpOnly; SameSite=none""],""set-cookie.2"":[""CONSENT=PENDING+367; expires=Sat, 09-Mar-2024 15:08:17 GMT; path=/; domain=.youtube.com; Secure""],""alt-svc"":[""h3=\"":443\""; ma=2592000,h3-29=\"":443\""; ma=2592000,h3-Q050=\"":443\""; ma=2592000,h3-Q046=\"":443\""; ma=2592000,h3-Q043=\"":443\""; ma=2592000,quic=\"":443\""; ma=2592000; v=\""46,43\""""]}}]"
"https://t.co/vtS0zkLdHQ","granica","2022-03-10","https://wiadomosci.com/ropa-na-rynkach-drozeje-we-wtorek-przekroczyly-130-dol-za-barylke-jest-granica-tego-szalenstwa/","620dbec63cad8b4fd10b9dec2ae158b7",1731574,"c11067e3ad71dfaaf4e79ad9a358d2532403541c","[{""status"":[301],""version"":[""HTTP/2""],""headers"":{""date"":[""Thu, 10 Mar 2022 15:08:37 GMT""],""vary"":[""Origin""],""server"":[""tsa_o""],""expires"":[""Thu, 10 Mar 2022 15:13:37 GMT""],""location"":[""https://wiadomosci.com/ropa-na-rynkach-drozeje-we-wtorek-przekroczyly-130-dol-za-barylke-jest-granica-tego-szalenstwa/""],""set-cookie"":[""muc=ed23b85c-be18-483e-b601-49fbc8f40070; Max-Age=34214400; Expires=Mon, 10 Apr 2023 15:08:37 GMT; Domain=t.co; Secure; SameSite=None""],""cache-control"":[""private,max-age=300""],""content-length"":[""0""],""strict-transport-security"":[""max-age=0""],""x-response-time"":[""172""],""x-connection-hash"":[""eacd8df727d2423615a9c744700533427151a14cde63717d47628cc9e7dd6463""]}},{""status"":[200],""version"":[""HTTP/2""],""headers"":{""date"":[""Thu, 10 Mar 2022 15:08:38 GMT""],""content-type"":[""text/html; charset=UTF-8""],""cf-ray"":[""6e9cf7813a47501e-WAW""],""age"":[""156135""],""cache-control"":[""public, max-age=14400""],""expires"":[""Tue, 08 Mar 2022 20:18:54 GMT""],""last-modified"":[""Tue, 08 Mar 2022 19:18:54 GMT""],""link"":[""<https://wiadomosci.com/wp-json/>; rel=\""https://api.w.org/\"", <https://wiadomosci.com/wp-json/wp/v2/posts/303685>; rel=\""alternate\""; type=\""application/json\"", <https://wiadomosci.com/?p=303685>; rel=shortlink""],""vary"":[""Accept-Encoding""],""cf-cache-status"":[""HIT""],""cf-apo-via"":[""tcache""],""cf-edge-cache"":[""cache,platform=wordpress""],""expect-ct"":[""max-age=604800, report-uri=\""https://report-uri.cloudflare.com/cdn-cgi/beacon/expect-ct\""""],""pragma"":[""public""],""x-frame-options"":[""SAMEORIGIN""],""x-pingback"":[""https://wiadomosci.com/xmlrpc.php""],""x-powered-by"":[""W3 Total Cache/2.2.1""],""report-to"":[""{\""endpoints\"":[{\""url\"":\""https:\\/\\/a.nel.cloudflare.com\\/report\\/v3?s=w1ENm20dlREjTETQxCDhbmZOM51V7d4yIZH4ME57zX1gjtoiqKN6zzFYD4ylh1IJ8egsouVBphckZQUKj0S3Q8Yrz%2FYmjSwOQKiKm7q72DKvdsPVWtnaXM0RXXoQaBHv\""}],\""group\"":\""cf-nel\"",\""max_age\"":604800}""],""nel"":[""{\""success_fraction\"":0,\""report_to\"":\""cf-nel\"",\""max_age\"":604800}""],""server"":[""cloudflare""],""content-encoding"":[""br""],""alt-svc"":[""h3=\"":443\""; ma=86400, h3-29=\"":443\""; ma=86400""]}}]"
"https://t.co/s9Bq54D8GD","granica","2022-03-10","https://wyborcza.pl/7,82983,28198878.html","2ee41897d41bd9efde6dea96fe5ec499",11119,"fe61ff1a0be545c62cd7c944169e3ee121ace5ae","[{""status"":[301],""version"":[""HTTP/2""],""headers"":{""date"":[""Thu, 10 Mar 2022 15:08:59 GMT""],""vary"":[""Origin""],""server"":[""tsa_o""],""expires"":[""Thu, 10 Mar 2022 15:13:59 GMT""],""location"":[""https://wyborcza.pl/7,82983,28198878.html""],""set-cookie"":[""muc=ed23b85c-be18-483e-b601-49fbc8f40070; Max-Age=34214400; Expires=Mon, 10 Apr 2023 15:08:59 GMT; Domain=t.co; Secure; SameSite=None""],""cache-control"":[""private,max-age=300""],""content-length"":[""0""],""strict-transport-security"":[""max-age=0""],""x-response-time"":[""169""],""x-connection-hash"":[""eacd8df727d2423615a9c744700533427151a14cde63717d47628cc9e7dd6463""]}},{""status"":[200],""version"":[""HTTP/2""],""headers"":{""date"":[""Thu, 10 Mar 2022 15:08:59 GMT""],""server"":[""Apache""],""referrer-policy"":[""no-referrer-when-downgrade""],""content-type"":[""text/html;charset=UTF-8""],""set-cookie"":[""GW_SID=A30721C75FF4105EEAF92FD435D72835.tomwybo44; Path=/; Secure; HttpOnly; SameSite=None""],""set-cookie.1"":[""initialParams=%7B%22initialPage%22%3A%22https%3A%2F%2Fwyborcza.pl%2F7%2C82983%2C28198878.html%22%7D; Path=/; Secure; SameSite=None""],""vary"":[""Accept-Encoding,User-Agent""],""content-encoding"":[""gzip""],""content-length"":[""3002""],""strict-transport-security"":[""max-age=0; includeSubDomains""]}}]"
"https://t.co/UtNreShySl","granica","2022-03-10","https://wydarzenia.interia.pl/raporty/raport-ukraina-rosja/aktualnosci/news-zmiany-w-dzialaniach-rosji-na-ukrainie-analiza-sytuacji-po-1,nId,5879462","644604c375d349c73bdc973006701ec5",257901,"96891a6450e78369f6f0020c84a85b3889f278f1","[{""status"":[301],""version"":[""HTTP/2""],""headers"":{""date"":[""Thu, 10 Mar 2022 15:09:19 GMT""],""vary"":[""Origin""],""server"":[""tsa_o""],""expires"":[""Thu, 10 Mar 2022 15:14:20 GMT""],""location"":[""https://wydarzenia.interia.pl/raporty/raport-ukraina-rosja/aktualnosci/news-zmiany-w-dzialaniach-rosji-na-ukrainie-analiza-sytuacji-po-1,nId,5879462""],""set-cookie"":[""muc=ed23b85c-be18-483e-b601-49fbc8f40070; Max-Age=34214400; Expires=Mon, 10 Apr 2023 15:09:20 GMT; Domain=t.co; Secure; SameSite=None""],""cache-control"":[""private,max-age=300""],""content-length"":[""0""],""strict-transport-security"":[""max-age=0""],""x-response-time"":[""170""],""x-connection-hash"":[""eacd8df727d2423615a9c744700533427151a14cde63717d47628cc9e7dd6463""]}},{""status"":[200],""version"":[""HTTP/2""],""headers"":{""date"":[""Thu, 10 Mar 2022 15:09:20 GMT""],""cache-control"":[""max-age=60, s-maxage=61""],""expires"":[""Thu, 10 Mar 2022 15:10:20 GMT""],""content-encoding"":[""gzip""],""content-length"":[""50947""],""content-type"":[""text/html; charset=UTF-8""],""vary"":[""Accept-Encoding""],""server"":[""IPL/2.2""],""accept-ranges"":[""bytes""]}}]"
"https://t.co/PJWpcxhz53","granica","2022-03-10","https://youtu.be/YnG8t_x5uL0","ff58253f33578736ce68e0b4a9fce265",567296,"5665def06cdafd26999b05d0edd8b63245f4b302","[{""status"":[301],""version"":[""HTTP/2""],""headers"":{""date"":[""Thu, 10 Mar 2022 15:09:26 GMT""],""vary"":[""Origin""],""server"":[""tsa_o""],""expires"":[""Thu, 10 Mar 2022 15:14:27 GMT""],""location"":[""https://youtu.be/YnG8t_x5uL0""],""set-cookie"":[""muc=ed23b85c-be18-483e-b601-49fbc8f40070; Max-Age=34214400; Expires=Mon, 10 Apr 2023 15:09:27 GMT; Domain=t.co; Secure; SameSite=None""],""cache-control"":[""private,max-age=300""],""content-length"":[""0""],""strict-transport-security"":[""max-age=0""],""x-response-time"":[""170""],""x-connection-hash"":[""eacd8df727d2423615a9c744700533427151a14cde63717d47628cc9e7dd6463""]}},{""status"":[303],""version"":[""HTTP/2""],""headers"":{""content-type"":[""application/binary""],""x-content-type-options"":[""nosniff""],""cache-control"":[""no-cache, no-store, max-age=0, must-revalidate""],""pragma"":[""no-cache""],""expires"":[""Mon, 01 Jan 1990 00:00:00 GMT""],""date"":[""Thu, 10 Mar 2022 15:09:27 GMT""],""location"":[""https://www.youtube.com/watch?v=YnG8t_x5uL0&feature=youtu.be""],""x-frame-options"":[""SAMEORIGIN""],""strict-transport-security"":[""max-age=31536000""],""permissions-policy"":[""ch-ua-arch=*, ch-ua-bitness=*, ch-ua-full-version=*, ch-ua-full-version-list=*, ch-ua-model=*, ch-ua-platform=*, ch-ua-platform-version=*""],""cross-origin-opener-policy-report-only"":[""same-origin; report-to=\""ATmXEA-sBTmFNeq0fgnf2lbHCfMYdIvvSknZD-c-\""""],""report-to"":[""{\""group\"":\""ATmXEA-sBTmFNeq0fgnf2lbHCfMYdIvvSknZD-c-\"",\""max_age\"":2592000,\""endpoints\"":[{\""url\"":\""https://csp.withgoogle.com/csp/report-to/encsid_ATmXEA-sBTmFNeq0fgnf2lbHCfMYdIvvSknZD-c-\""}]}""],""p3p"":[""CP=\""This is not a P3P policy! See http://support.google.com/accounts/answer/151657?hl=pl for more info.\""""],""server"":[""ESF""],""content-length"":[""0""],""x-xss-protection"":[""0""],""set-cookie"":[""YSC=UVu6RFiZzZg; Domain=.youtube.com; Path=/; Secure; HttpOnly; SameSite=none""],""alt-svc"":[""h3=\"":443\""; ma=2592000,h3-29=\"":443\""; ma=2592000,h3-Q050=\"":443\""; ma=2592000,h3-Q046=\"":443\""; ma=2592000,h3-Q043=\"":443\""; ma=2592000,quic=\"":443\""; ma=2592000; v=\""46,43\""""]}},{""status"":[200],""version"":[""HTTP/2""],""headers"":{""content-type"":[""text/html; charset=utf-8""],""x-content-type-options"":[""nosniff""],""cache-control"":[""no-cache, no-store, max-age=0, must-revalidate""],""pragma"":[""no-cache""],""expires"":[""Mon, 01 Jan 1990 00:00:00 GMT""],""date"":[""Thu, 10 Mar 2022 15:09:27 GMT""],""x-frame-options"":[""SAMEORIGIN""],""strict-transport-security"":[""max-age=31536000""],""cross-origin-opener-policy-report-only"":[""same-origin; report-to=\""ATmXEA_XZXH6CdbrmjUzyTbVgxu22C8KYH7NsxKbRt94\""""],""report-to"":[""{\""group\"":\""ATmXEA_XZXH6CdbrmjUzyTbVgxu22C8KYH7NsxKbRt94\"",\""max_age\"":2592000,\""endpoints\"":[{\""url\"":\""https://csp.withgoogle.com/csp/report-to/encsid_ATmXEA_XZXH6CdbrmjUzyTbVgxu22C8KYH7NsxKbRt94\""}]}""],""permissions-policy"":[""ch-ua-arch=*, ch-ua-bitness=*, ch-ua-full-version=*, ch-ua-full-version-list=*, ch-ua-model=*, ch-ua-platform=*, ch-ua-platform-version=*""],""p3p"":[""CP=\""This is not a P3P policy! See http://support.google.com/accounts/answer/151657?hl=pl for more info.\""""],""content-encoding"":[""gzip""],""server"":[""ESF""],""x-xss-protection"":[""0""],""set-cookie"":[""VISITOR_INFO1_LIVE=; Domain=.youtube.com; Expires=Fri, 14-Jun-2019 15:09:27 GMT; Path=/; Secure; HttpOnly; SameSite=none""],""alt-svc"":[""h3=\"":443\""; ma=2592000,h3-29=\"":443\""; ma=2592000,h3-Q050=\"":443\""; ma=2592000,h3-Q046=\"":443\""; ma=2592000,h3-Q043=\"":443\""; ma=2592000,quic=\"":443\""; ma=2592000; v=\""46,43\""""]}}]"
"https://t.co/xi22psmvoq","granica","2022-03-10","https://www.meczyki.pl/newsy/fifa-nie-ma-jaj-i-szykuje-kolejna-absurdalna-decyzje-gdzie-jest-granica-zenady-infantino-i-spolki/184005-n","0f3933d4ef162c9853e3ae214af1d47f",682029,"396bc9f5da54e70a638466bdb3a845c78c7af806","[{""status"":[301],""version"":[""HTTP/2""],""headers"":{""date"":[""Thu, 10 Mar 2022 15:09:27 GMT""],""vary"":[""Origin""],""server"":[""tsa_o""],""expires"":[""Thu, 10 Mar 2022 15:14:28 GMT""],""location"":[""https://www.meczyki.pl/newsy/fifa-nie-ma-jaj-i-szykuje-kolejna-absurdalna-decyzje-gdzie-jest-granica-zenady-infantino-i-spolki/184005-n""],""set-cookie"":[""muc=ed23b85c-be18-483e-b601-49fbc8f40070; Max-Age=34214400; Expires=Mon, 10 Apr 2023 15:09:28 GMT; Domain=t.co; Secure; SameSite=None""],""cache-control"":[""private,max-age=300""],""content-length"":[""0""],""strict-transport-security"":[""max-age=0""],""x-response-time"":[""176""],""x-connection-hash"":[""eacd8df727d2423615a9c744700533427151a14cde63717d47628cc9e7dd6463""]}},{""status"":[200],""version"":[""HTTP/2""],""headers"":{""date"":[""Thu, 10 Mar 2022 15:09:31 GMT""],""content-type"":[""text/html; charset=utf-8""],""x-powered-by"":[""Express""],""etag"":[""W/\""a6f94-Y36jis6mFZzw9G3GiJeoZFd54qU\""""],""vary"":[""Accept-Encoding""],""cf-cache-status"":[""DYNAMIC""],""expect-ct"":[""max-age=604800, report-uri=\""https://report-uri.cloudflare.com/cdn-cgi/beacon/expect-ct\""""],""report-to"":[""{\""endpoints\"":[{\""url\"":\""https:\\/\\/a.nel.cloudflare.com\\/report\\/v3?s=kP7WOH9W7nE4X4cF2D7o5iX%2B8vEZbDqkG1eqJI%2BzoaAW2gsoY0smvbrwLLdQOd3AnI%2Fk7IDB24eLAa46vNrRl%2Fhe%2F6LkEPstgoBZF36Kewd29%2BktFGCDdLxqh6FStj4p\""}],\""group\"":\""cf-nel\"",\""max_age\"":604800}""],""nel"":[""{\""success_fraction\"":0,\""report_to\"":\""cf-nel\"",\""max_age\"":604800}""],""server"":[""cloudflare""],""cf-ray"":[""6e9cf8beb8237737-LHR""],""content-encoding"":[""br""]}}]"
"https://t.co/yQ37oqtSwg","granica","2022-03-10","https://strazgraniczna.pl/pl/granica/granice-rp/1910,Granice-RP.html","e4b824b1a083cc0c0c1c5a542760d817",22931,"66b473cc8a2b44da5f775661c25201d8871336fb","[{""status"":[301],""version"":[""HTTP/2""],""headers"":{""date"":[""Thu, 10 Mar 2022 15:09:43 GMT""],""vary"":[""Origin""],""server"":[""tsa_o""],""expires"":[""Thu, 10 Mar 2022 15:14:43 GMT""],""location"":[""https://strazgraniczna.pl/pl/granica/granice-rp/1910,Granice-RP.html""],""set-cookie"":[""muc=ed23b85c-be18-483e-b601-49fbc8f40070; Max-Age=34214400; Expires=Mon, 10 Apr 2023 15:09:43 GMT; Domain=t.co; Secure; SameSite=None""],""cache-control"":[""private,max-age=300""],""content-length"":[""0""],""strict-transport-security"":[""max-age=0""],""x-response-time"":[""169""],""x-connection-hash"":[""eacd8df727d2423615a9c744700533427151a14cde63717d47628cc9e7dd6463""]}},{""status"":[200],""version"":[""HTTP/1.1""],""headers"":{""content-security-policy-report-only"":[""""],""x-frame-options"":[""SAMEORIGIN""],""x-xss-protection"":[""1; mode=block""],""x-content-type-options"":[""nosniff""],""content-security-policy"":[""default-src 'self' blob: data: *.strazgraniczna.pl 'unsafe-eval' 'self' strazgraniczna.pl 'unsafe-inline' maps.googleapis.com fonts.googleapis.com csi.gstatic.com strazgraniczna.pl unpkg.com *.tile.openstreetmap.org www.youtube.com fonts.gstatic.com""],""cache-control"":[""no-store, no-cache, must-revalidate, post-check=0, pre-check=0""],""date"":[""Thu, 10 Mar 2022 15:09:44 GMT""],""server"":[""Apache""],""content-encoding"":[""gzip""],""content-length"":[""5515""],""content-type"":[""text/html; charset=UTF-8""]}}]"
