"twitter_url","query","discover_date","original_url","url_archive_id"
"https://t.co/sxJjLOTj6t","koronawirus","2021-08-12","https://gospodarka.dziennik.pl/news/artykuly/8225203,koronawirus-australia-kwarantanna-lockdown.html?utm_source=dlvr.it&utm_medium=twitter","8d8e1ea2934301a9ca34ba85cf8be179"
"https://t.co/z4Ti1A2tXT","koronawirus","2021-08-12","https://radioszczecin.pl/1,427304,kilkanascie-nowych-przypadkow-koronawirusa-w-reg","539dbb08d7a8bc0ccafcead42571f2ff"
"https://t.co/NJsvtfLtxe","koronawirus","2021-08-12","https://www.tvp.info/55328636/koronawirus-wariant-delta-atakuje-plaga-sprzedazy-falszywych-kart-szczepien-przeciw-covid-19-na-czarnym-rynku","d8a3e249eb746005424fac2d3685c281"
"https://t.co/rQWKhhNl2q","koronawirus","2021-08-12","https://tvn24.pl/polska/koronawirus-w-polsce-mapa-zakazen-ile-szczepien-ile-nowych-przypadkow-wykryto-12-sierpnia-2021-4344739","22816044c201f595f7db8bc05bb7deee"
"https://t.co/Wfovw35KBT","koronawirus","2021-08-12","https://www.rp.pl/Koronawirus-SARS-CoV-2/210729857-Jak-czesto-choruja-zaszczepieni-przeciw-Covid-19-Wloskie-dane-10-razy-radziej.html","76bd3f1bfa0035f13bd707083de25ae9"
"https://t.co/XJtiJxa5rd","koronawirus","2021-08-12","https://www.rmf24.pl/raporty/raport-koronawirus-z-chin/najnowsze-fakty/news-brytyjscy-naukowcy-w-przypadku-wariantu-delta-odpornosc-zbio,nId,5413727#crp_state=1","5dc32a9f229f937c637670762ca97298"
"https://t.co/fiVcnXbOq6","koronawirus","2021-08-12","https://dorzeczy.pl/kraj/194705/koronawirus-w-polsce-oto-najnowszy-raport-mz.html","d0aeb1be1a653944f51bcf128e577fb0"
"https://t.co/kJIBodTbCr","koronawirus","2021-08-12","https://dorzeczy.pl/zdrowie/194707/europa-wzrost-zakazen-nie-wszedzie-oznacza-restrykcje.html","759a70a7bdda8b816f2a43feb214f233"
"https://t.co/xgoFoceGNS","koronawirus","2021-08-12","https://wroclife.pl/nasze-miasto/koronawirus-wroclaw-2020/koronawirus-dolny-slask-12-sierpnia-2021/","f88a9d7a04a994861cd4dff72c5d60f5"
"https://t.co/ReJNseajLs","koronawirus","2021-08-12","https://olsztyn.tvp.pl/55328741/wzrost-liczby-zakazen-w-regionie-bez-zgonow","20f69ed9c797ec020594c4771e3fc3cb"
"https://t.co/yZCDbsfeJ7","koronawirus","2021-08-12","https://wydarzenia.interia.pl/raporty/raport-koronawirus-chiny/aktualnosci/news-slowacja-media-o-tym-ze-czesc-lekarzy-pierwszego-kontaktu-od,nId,5413929#utm_source=paste&utm_medium=paste&utm_campaign=chrome","13fa5cb4346aaaddae317da08dbd1773"
"https://t.co/rWF7OQfnKe","koronawirus","2021-08-12","https://www.rp.pl/Koronawirus-SARS-CoV-2/210819820-Tennessee-Zaszczepieni-studenci-dostana-100-dolarow.html","ef7c04a53e8ae658990a5abf7327edf6"
"https://t.co/5jJJikxYcR","koronawirus","2021-08-12","https://tenpoznan.pl/koronawirus-w-wielkopolsce-lista-zakazen-w-powiatach-12-sierpnia-2021/","7ded8cdcbe762e0c8822f3e13a4cdde5"
"https://t.co/Imsw5FzFqY","koronawirus","2021-08-12","https://superbiz.se.pl/prawo/przywileje-tylko-dla-zaszczepionych-ostre-slowa-rzecznika-praw-obywatelskich-aa-1KxV-fYnq-nFkG.html","b89ae474153246243f090bae2dea051c"
"https://t.co/7aXLB9NpOo","koronawirus","2021-08-12","https://ipolska24.pl/wzrost-zakazen-na-covid-19-2/","687ce0febc8669a78b9744a36d203d64"
"https://t.co/5WxX6XXjyC","koronawirus","2021-08-12","https://wydarzenia.interia.pl/raporty/raport-koronawirus-chiny/aktualnosci/news-izrael-wzrost-zakazen-wariantem-delta-rzad-wprowadza-nowe-ob,nId,5415784","a1e39674e82e09b77f8587d3236e5a6c"
"https://t.co/nnN0Svk1ta","koronawirus","2021-08-12","https://nowiny24.pl/na-podkarpaciu-14-nowych-zakazen-w-polsce-223-przypadki-zmarly-2-osoby-raport-1208/ar/c14-15752104","bdf79272d8a310c5da22e8cdfc446c92"
"https://t.co/1YeybtXszh","koronawirus","2021-08-12","https://wydarzenia.interia.pl/raporty/raport-koronawirus-chiny/aktualnosci/news-gwaltowny-wzrost-sprzedaz-falszywych-kart-szczepien-na-czarn,nId,5415893","4fed4457193120a975da804592720892"
"https://t.co/UwvwCTy3Mg","koronawirus","2021-08-12","https://bit.ly/2VOB19j","402cd77431a5ab34cb97011205b214e7"
"https://t.co/3rezpG96lL","koronawirus","2021-08-12","https://www.rmf24.pl/raporty/raport-koronawirus-z-chin/najnowsze-fakty/news-gwaltowny-wzrost-liczby-zakazen-w-izraelu-nowe-obostrzenia,nId,5415787#crp_state=1","082ce52b6852bedac731d58007147a6c"
"https://t.co/CpXvA4tNMD","koronawirus","2021-08-12","https://cowzdrowiu.pl/aktualnosci/post/dane-mz-223-nowe-zakazenia-2-osoby-zmarl","d017bbc31ec378021c1cc7d45d158f33"
"https://t.co/Qcrj4i8cr3","koronawirus","2021-08-12","https://www.tvp.info/55328317/koronawirus-w-polsce-nowe-dane-ministerstwa-zdrowia-z-dzisiaj-12-sierpien-czwartek-nowe-przypadki-zakazenia-statystyki-covid-19-liczba-zgonow-12082021","6fcf8a077b3c5350bf299e61e7636b82"
"https://t.co/q3btiVfWzc","koronawirus","2021-08-12","https://dziennikbaltycki.pl/na-pomorzu-zidentyfikowano-pierwsze-zakazenie-wariantem-lambda-czas-sie-bac-teraz-zaczyna-sie-pandemia-wsrod-osob/ar/c1-15749434","a57ed7691c0c39e2230459b1f9ea89a1"
"https://t.co/6eGHp4HGmc","koronawirus","2021-08-12","https://tenpoznan.pl/koronawirus-rosnie-liczba-zakazen/","26b3f2c676d3924c7f046f3d41cda359"
"https://t.co/2xPEe68Xja","koronawirus","2021-08-12","https://codziennypoznan.pl/artykul/2021-08-12/znow-duzy-wzrost-liczby-zakazen-koronawirusem-w-polsce/","4c33c64b111649f183de81363eefc14d"
"https://t.co/GPubPHH2iK","koronawirus","2021-08-12","https://www.wprost.pl/10479839","378130ccb3d09ff669eaa5361d55b379"
"https://t.co/OQAsj70amW","koronawirus","2021-08-12","https://dlvr.it/S5VQsY","26b2ffd9da597470e91bf23b68042f60"
"https://t.co/QELODOYfOS","koronawirus","2021-08-12","https://www.radiolodz.pl/posts/72141-223-nowe-przypadki-zakazenia-koronawirusem-z-czego-11-w-lodzkiem-raport","29e3d990d4a4f3f4273c4bbae6063886"
"https://t.co/blJYD2hyYV","koronawirus","2021-08-12","https://wiadomosci.wp.pl/koronawirus-najnowsze-dane-ministerstwa-zdrowia-12-sierpnia-6671335446088192a?utm_source=twitter&utm_medium=social&utm_campaign=ttwp&utm_term=post&utm_content=wiadomosci","6a960ca291b0e74dd617db64bc0c3df0"
"https://t.co/W5PoQ1WVFB","koronawirus","2021-08-12","https://wydarzenia.interia.pl/raporty/raport-koronawirus-chiny/polska/news-koronawirus-w-polsce-raport-zakazen-ministerstwa-zdrowia-z-1,nId,5415840","50ae0836a160e2428de61a8e6d221893"
"https://t.co/ICLNV3SLuI","koronawirus","2021-08-12","https://forsal.pl/swiat/aktualnosci/artykuly/8225062,izrael-powrot-zielonej-przepustki-obostrzen-dotyczacych-zgromadzen.html?utm_source=dlvr.it&utm_medium=twitter","5a8645b2bd0ef1cc13a16634b92c1e70"
"https://t.co/pJQ8z9INPT","koronawirus","2021-08-12","https://serwisy.gazetaprawna.pl/edukacja/artykuly/8225061,broniarz-obowiazek-szczepienia-nauczyciele-koronawirus.html?utm_source=dlvr.it&utm_medium=twitter","dd54f26e69489763e9ae20c3589c1928"
"https://t.co/m6znmWsf6j","koronawirus","2021-08-12","https://radioszczecin.pl/6,427288,who-testuje-leki-na-koronawirusa","7cc3c1beb2dfce6e57158e9fc440d4cc"
"https://t.co/b45bUH0iPV","koronawirus","2021-08-12","https://www.tvp.info/55324425/koronawirus-szczepienia-przeciw-covid-19-w-polsce-niemal-18-mln-osob-w-pelni-zaszczepionych","616782c8e2a5c026ea88b5ea738d19bc"
"https://t.co/fAfI3lSxBC","koronawirus","2021-08-12","https://wydarzenia.interia.pl/raporty/raport-koronawirus-chiny/aktualnosci/news-koronawirus-w-europie-gdzie-nie-ma-restrykcji,nId,5415816","893ff751b2d0c0dd16aeac4fd9e0f878"
"https://t.co/H1l1T8uloZ","koronawirus","2021-08-12","https://www.gazetaprawna.pl/firma-i-prawo/artykuly/8225033,koronawirus-galerie-handlowe-najemcy-rozliczenia.html?utm_source=dlvr.it&utm_medium=twitter","8749832cfbb55b4091fee8382fb6f151"
"https://t.co/gBYiNaxZKa","koronawirus","2021-08-12","https://dlvr.it/S5V1lb","d3694bd93a829cdb6e097c11a940f332"
"https://t.co/DFRlauY6Dr","koronawirus","2021-08-12","https://www.tvp.info/55323823/koronawirus-izrael-powraca-do-zielonej-przepustki-i-obostrzen-dotyczacych-zgromadzen","9fdfa62d348009d7a16fea505d81e2e7"
"https://t.co/UZ8Cnt5AWi","koronawirus","2021-08-12","https://wydarzenia.interia.pl/raporty/raport-koronawirus-chiny/aktualnosci/news-wariant-delta-koronawirusa-naukowcy-osiagniecie-odpornosci-z,nId,5413730","324c3d58c18ea375591bf508a06fef38"
"https://t.co/b4B6xiMFGq","koronawirus","2021-08-12","https://www.rp.pl/Koronawirus-SARS-CoV-2/210819837-CDC-apeluja-do-ciezarnych-w-USA-Szczepcie-sie-na-COVID.html","3619168dc65492b22f97871e7b195386"
"https://t.co/3YiiTkUeRz","koronawirus","2021-08-12","https://www.rp.pl/Koronawirus-SARS-CoV-2/210819838-Australia-Lockdown-w-stolicy-po-pierwszym-od-roku-zakazeniu.html","ecf4a7800905cc5ed42d62c1a961a63a"
"https://t.co/6EHEgsxX9A","koronawirus","2021-08-12","https://dlvr.it/S5Tdgj","1c6c3f19b38149a75e21c299e1a4406b"
"https://t.co/LrhqpRERbv","koronawirus","2021-08-12","https://www.rp.pl/Covid-19/200829332-Koronawirus-w-odwrocie-Jest-zawiadomienie-do-prokuratury.html","1567ceac3ff04094b84ac7c0980e8fa1"
"https://t.co/hDD3Rl9Uxy","koronawirus","2021-08-12","https://www.medonet.pl/koronawirus/to-musisz-wiedziec,naukowcy--w-przypadku-wariantu-delta-odpornosc-zbiorowa-nie-jest-mozliwa,artykul,95784586.html","48c73a233eb88c8df8d350ac0b714d34"
"https://t.co/PveaO9GKDt","koronawirus","2021-08-12","https://wydarzenia.interia.pl/raporty/raport-koronawirus-chiny/aktualnosci/news-wariant-delta-koronawirusa-naukowcy-osiagniecie-odpornosci-z,nId,5413730,via,1?utm_source=webpush&utm_medium=push&utm_campaign=CampaignName&parametr=mechcpc","34036dececb454583cce576fbaffd8dc"
"https://t.co/Plw2m5Cza5","koronawirus","2021-08-12","https://radioszczecin.pl/6,427274,who-testuje-trzy-leki-majace-lagodzic-objawy-cov","0cf6fcf65cd7fa2f468954604a2437ec"
"https://t.co/OGnDQuT1hX","koronawirus","2021-08-12","https://www.wprost.pl/koronawirus-w-polsce/10479466/nowe-informacje-o-zakazeniach-i-zgonach-srodowy-raport-ministerstwa-o-pandemii.html?fbclid=IwAR15-ebhIVWnGlEDmP4p3-vDrYQP2iKHr3qFYtbP1W6uIcM1yrCB_i0E8gk","85e57f06b4690aceabd4edab09872acb"
"https://t.co/SWGqQuxmvc","koronawirus","2021-08-12","https://wzabrzu.info/koronawirus-zabrze-sytuacja-epidemiczna-11-08-2021/","5bb3ce439b60383868c7c07c4b484e07"
"https://t.co/fWr7JSagQK","koronawirus","2021-08-12","https://www.medonet.pl/koronawirus/to-musisz-wiedziec,antyszczepionkowcy-atakuja-znana-profesor-immunologii--strasza-niemieckim-prawnikiem,artykul,46232124.html?utm_source=l.facebook.com_viasg_medonet&utm_medium=referal&utm_campaign=leo_automatic&srcc=ucs","885b3a8175742f94484c2ca4cf6b5ffa"
"https://t.co/zOPqOIZC1o","koronawirus","2021-08-12","https://wydarzenia.interia.pl/raporty/raport-koronawirus-chiny/aktualnosci/news-slowacja-media-o-tym-ze-czesc-lekarzy-pierwszego-kontaktu-od,nId,5413929","1e6fea401df70a8f7544d654744fba0a"
"https://t.co/ofWt9ddeBP","koronawirus","2021-08-12","https://youtu.be/Snsf--PWSPM","d444da5f9ea3c1fdbe45c5d38d78d1f9"
"https://t.co/9NYRR3yCM2","koronawirus","2021-08-12","https://www.rp.pl/Koronawirus-SARS-CoV-2/210819912-Koronawirus-Australia-20-zakazen-Lockdown-w-Melbourne-przedluzony.html","f7fedabd08bc6ee5c2914db19b99d824"
"https://t.co/GiD0iuj9dx","koronawirus","2021-08-12","https://wydarzenia.interia.pl/raporty/raport-koronawirus-chiny/aktualnosci/news-wlochy-pediatrzy-alarmuja-covid-19-zabija-tez-dzieci,nId,5414136","475e584a9bee4b83b4b33c33927a4574"
"https://t.co/rnGiVKwEh4","koronawirus","2021-08-12","https://wydarzenia.interia.pl/raporty/raport-koronawirus-chiny/aktualnosci/news-wlochy-pediatrzy-alarmuja-covid-19-zabija-tez-dzieci,nId,5414136#utm_source=paste&utm_medium=paste&utm_campaign=chrome","4466057fc5abff33b0e2e028daf10f56"
"https://t.co/AIT66A8bq5","koronawirus","2021-08-12","https://www.tvp.info/47619609/koronawirus-tvn-atakuje-lukasza-szumowskiego-za-slowa-nt-maseczek-wczesniej-stacja-sama-zniechecala-do-nich-wieszwiecej","e563d569833dbda54f34e86e5c3f937b"
"https://t.co/14HwXA4BCX","koronawirus","2021-08-12","https://wydarzenia.interia.pl/raporty/raport-koronawirus-chiny/aktualnosci/news-niemcy-skandal-wokol-pielegniarki-szczepila-sola-fizjologicz,nId,5412296","819e37b5be90e2b49ee46c5e6b6601e3"
"https://t.co/EnBBj7Qkqg","koronawirus","2021-08-12","https://gospodarka.dziennik.pl/news/artykuly/8147728,jaroslaw-gowin-certyfikat-szczepienie-covid-19-koronawirus.html.amp","c6059dfeb684a794e0f6a02943caa409"
"https://t.co/a5J9X4iTmL","koronawirus","2021-08-12","https://www.onet.pl/informacje/onetwiadomosci/koronawirus-niemcy-pielegniarka-szczepila-sola-fizjologiczna/kvqhy0s,79cfc278","a4f220d3fa9255f1e782192dfd9ad5f0"
"https://t.co/qy4yA8m1TI","koronawirus","2021-08-12","https://zdrowie.wprost.pl/10479465","c1d2715bf4ded43ddffa0a961270701d"
"https://t.co/9TQ3qwk47d","koronawirus","2021-08-12","https://dlvr.it/S5RqT2","dd8c11b9b8c9e0c7f3cbdd7cd9ffbcf4"
"https://t.co/UTZ1L1pm3I","koronawirus","2021-08-12","https://www.wirtualnemedia.pl/artykul/tvn-bedzie-emitowal-wstajesz-i-wiesz-fakty-po-poludniu-i-uwaga-koronawirus","728bf3accb53b98cbd6ff25fe9157e4c"
"https://t.co/2jb790hTzJ","koronawirus","2021-08-12","https://dlvr.it/S5RpxS","e1abce46c7976a2053955dbfe44ed61c"
"https://t.co/42wW2obNIZ","koronawirus","2021-08-12","https://youtu.be/Tq-jMMIg5hw","a11ac70c8f076f223119fa876a2e3784"
"https://t.co/2It8ybIxlM","koronawirus","2021-08-12","https://wroclife.pl/nasze-miasto/koronawirus-wroclaw-2020/koronawirus-dolny-slask-11-sierpnia-2021/","e7d8c59bfdb5f325f824eddc902aa663"
"https://t.co/ks4KBfZMf2","koronawirus","2021-08-12","https://kresy24.pl/koronawirus-w-gruzji-5352-nowych-zachorowan-48-ofiar-smiertelnych/","60e20dc1fec7e3d34438319faddd0509"
"https://t.co/J85hFi2Tsi","koronawirus","2021-08-12","https://www.rp.pl/Koronawirus-SARS-CoV-2/210819868-Koronawirus-Japonia-Znizka-dla-nowozencow-za-zaszczepionych-weselnikow.html","0eec62d900e0035dc0b48bb14f167833"
"https://t.co/USiQd19dTW","koronawirus","2021-08-12","https://youtu.be/QC9hczR_kTU","4c7c5bf60c07e93f9688be21991cacde"
"https://t.co/RwWNi2x24U","koronawirus","2021-08-12","https://wiadomosci.onet.pl/kujawsko-pomorskie/koronawirus-torun-70-latek-zmarl-zanim-znaleziono-miejsce-na-intensywnej-terapii/m6py4zj","62f2d59589e74d7c2b1e812bc4873311"
"https://t.co/Alw6o9Grnu","koronawirus","2021-08-12","https://sport.dziennik.pl/news/artykuly/8224648,tokio-2020-australia-igrzyska-koronawirus-kwarantanna.html?utm_source=dlvr.it&utm_medium=twitter","89c5ee2d077eea1d608b6545ec75fa37"
"https://t.co/rj1sZZ6IgK","koronawirus","2021-08-12","https://medianarodowe.com/2021/08/11/koronawirus-w-polsce-oto-najnowsze-dane-resortu-zdrowia/","2a2236c72662d2dd519d2def9ad1e6ee"
"https://t.co/i2WSwljMbP","koronawirus","2021-08-12","https://youtu.be/9p4hgEQUitE","f9b86a1a02aa41437d62b9ac34815a1f"
"https://t.co/kOiHMjsZpR","koronawirus","2021-08-12","https://www.dw.com/pl/czy-koronawirus-dzieli-spo%C5%82ecze%C5%84stwo-opinia/a-58828575?maca=pol-rss-pol-all-1492-xml-mrss","07e0a6394dd8af5b71d99719c51473f9"
"https://t.co/zJf8CjSHNj","koronawirus","2021-08-12","https://superbiz.se.pl/firma/branza-eventowa-pod-kreska-firmy-maja-rozwiazanie-i-to-dochodowe-aa-UqiJ-E4bJ-syLE.html","aab34ffa0309e5883b82883859223141"
"https://t.co/Ja4uyhzB2R","koronawirus","2021-08-12","https://www.rp.pl/Koronawirus-SARS-CoV-2/210819875-USA-Rekordowe-liczby-zakazonych-w-szpitalach-brakuje-pielegniarek.html","d32f2181c5d7a365d575bb3b0a1f1041"
"https://t.co/LcZacMtrZ1","koronawirus","2021-08-12","https://sport.tvp.pl/55293311/jak-beda-wygladaly-igrzyska-w-pekinie-obostrzenia-i-koronawirus?fbclid=IwAR09ebwttt_sAgkxhwuvoC7eyHb2CGKAhDs-dYqZukKNlwh8VfuKp_zP_mQ","2d85aaaae32d4fe1c68f5dd1ffaddaf1"
"https://t.co/wLfM2LrEZQ","koronawirus","2021-08-12","https://tvn24.pl/biznes/ze-swiata/niemcy-koronawirus-restrykcje-dla-niezaszczepionych-od-23-sierpnia-5185889","8285ae2765db111505d9de34808fb7d5"
"https://t.co/ZRBP8TWPfa","koronawirus","2021-08-12","https://warszawa.tvp.pl/55310124/koronawirus-na-mazowszu-ostatniej-doby-wykryto-25-zakazen","21558cdabb0091ecb520169863517b1b"
"https://t.co/mWUvBuqiUP","koronawirus","2021-08-12","https://www.tvp.info/55072012/koronawirus-fake-news-czy-60-ciezkich-zachorowan-na-covid-19-dopada-zaszczepionych-to-nieprawda","2ac2fe1fbc91f0227fc74918aa39a7c1"
"https://t.co/ZWuH5v5bGu","koronawirus","2021-08-12","https://radioszczecin.pl/6,427254,medialna-burza-w-sprawie-restrykcji-wobec-niezas","16330c84c18ec66d666907076e69a4c5"
"https://t.co/0Q0jduIMi7","koronawirus","2021-08-12","https://radioszczecin.pl/6,427255,miliony-na-srodki-dezynfekujace-w-szkolach","bcef444114d4ae2e740de0d735d12037"
"https://t.co/4UELc9K1Gq","koronawirus","2021-08-12","https://www.tvp.info/55309675/koronawirus-w-polsce-nowe-dane-ministerstwa-zdrowia-z-dzisiaj-11-sierpien-sroda-nowe-przypadki-zakazenia-statystyki-covid-19-liczba-zgonow-11082021","e971aa61bdbe8e7fbf38f2ffcae07191"
"https://t.co/TKmK1JNhPW","koronawirus","2021-08-12","https://www.wprost.pl/10479466","173e4e83bfa1ce4ef897aa393df9da26"
"https://t.co/JDxqfNmLa6","koronawirus","2021-08-12","https://www.wprost.pl/10479458","ff5ac5896a440094342d9d3a300ace35"
"https://t.co/qxpxNauMJg","koronawirus","2021-08-12","https://www.kurierslaski.com.pl/koronawirus-w-wojewodztwie-slaskim-198/","71fb8cb20bd16a025222f85e62dd3f2f"
"https://t.co/Y6JzkM5vP4","koronawirus","2021-08-12","https://tvrepublika.pl/Koronawirus-w-Polsce-Nowy-raport-z-Ministerstwa-Zdrowia,125138.html","743878125a18bda419e34f3b478cb6a1"
"https://t.co/P61DIHF0MM","koronawirus","2021-08-12","https://serwisy.gazetaprawna.pl/zdrowie/artykuly/8224577,niedzielski-wzrost-zakazen-wariant-delta-koronawirus-w-polsce.html?utm_source=dlvr.it&utm_medium=twitter","42dd1e3431e73048c13fdf8f8d77564b"
"https://t.co/kZCyLRyFS5","koronawirus","2021-08-12","https://tvn24.pl/polska/koronawirus-w-polsce-nowe-przypadki-zakazenia-i-smierci-11-sierpnia-5185554","06eb9c5137b54d78cb777816fb3812da"
"https://t.co/CI4ydcOx89","koronawirus","2021-08-12","https://radioszczecin.pl/6,427251,ograniczenia-dla-osob-niezaszczepionych","3a2a6632a6188d8900e5f6cb4488f472"
"https://t.co/dngvDxo7YD","koronawirus","2021-08-12","https://www.salon24.pl/u/gps65/1144012,badania-naukowe-zwiazane-z-covid-19","02db8aef44056ccebb046694bff68f9a"
"https://t.co/GkkrCOwNKT","koronawirus","2021-08-12","https://ift.tt/2VOCQn7","6d27a1e024450b2c1c731f102a708715"
"https://t.co/QcwgT8038G","koronawirus","2021-08-12","https://dorzeczy.pl/zdrowie/194506/koronawirus-w-polsce-w-srode-198-zakazen-i-4-zgony.html","1ec37956c97ae8e06dbb42f9066f4ce4"
"https://t.co/fKik0gu7pt","koronawirus","2021-08-12","https://wroclaw.wyborcza.pl/wroclaw/7,35771,27439436.html","67c446e842925268c00f4153a32f44cd"
"https://t.co/0WWhmxiW0S","koronawirus","2021-08-12","https://bit.ly/3jH9X4s","120a09672348a88de27a48f4c9018ee5"
"https://t.co/txdrDun9hc","koronawirus","2021-08-12","https://www.polskieradio24.pl/5/1222/Artykul/2787509,Koronawirus-w-Polsce-Nowe-dane-Ministerstwa-Zdrowia-dot-zakazen-i-zgonow","65f0629a94a612dc9737ec9b663c2e1c"
"https://t.co/cWspM2jeRB","koronawirus","2021-08-12","https://dlvr.it/S5R2nZ","c5de348a0ef2b201023fdfac45060892"
"https://t.co/Mz9notjTzI","koronawirus","2021-08-12","https://tenpoznan.pl/koronawirus-wielkopolska-sprawdz-ile-bylo-zakazen-w-poszczegolnych-powiatach-11-sierpnia-2021/","bf4e6f0f65760e7a5511c5b2328b1ef7"
"https://t.co/dy1Qe7TQj8","koronawirus","2021-08-12","https://at9e8.app.goo.gl/38DR5","389b10f717a70af0b59dfd811ad5766d"
"https://t.co/wULuYML165","koronawirus","2021-08-12","https://radioszczecin.pl/6,427248,polska-198-zachodniopomorskie-8","e2bb8e1b1f7c2e1b166a602a89e1b1b2"
"https://t.co/5Rzb0P36Mo","koronawirus","2021-08-12","https://codziennypoznan.pl/artykul/2021-08-11/kolejna-akcja-szczepien-jednodawkowym-preparatem-w-posum-nie-trzeba-sie-wczesniej-rejestrowac/","7fbba2a635781dbb43af5ab7e5d8ae24"
"https://t.co/32ym4Tvp1L","koronawirus","2021-08-12","https://glos24.pl/koronawirus-malopolska-11-sierpnia-szczegolowe-dane-zakazenia-zgony","8be4a699ca0195f65380c420678bf71d"
"https://t.co/IDdA9jkRwv","koronawirus","2021-08-12","https://olsztyn.tvp.pl/55310003/stan-epidemii-nowe-dane-resortu-zdrowia","1aa619d78f84aa1428375567fb5950e9"
"https://t.co/6U9anoyUiW","koronawirus","2021-08-12","https://www.rmf24.pl/raporty/raport-koronawirus-z-chin/europa/news-niemcy-wprowadzaja-restrykcje-dla-niezaszczepionych-przeciw-,nId,5412325","b875b10792242d4dcd2c36d586cce3ed"
"https://t.co/HY6O9aHtCw","koronawirus","2021-08-12","https://codziennypoznan.pl/artykul/2021-08-11/dwie-kolejne-ofiary-koronawirusa-w-wielkopolsce/","e09b542c86efd0db478a58337ba8152a"
"https://t.co/2x0shiGBhe","koronawirus","2021-08-12","https://dlvr.it/S5QzvY","2bc356ff5570171cfee60ea353170183"
"https://t.co/b4bI0Oz3c7","koronawirus","2021-08-12","https://wiadomosci.onet.pl/kraj/koronawirus-w-polsce-najnowsze-dane-o-liczbie-zakazen-11-sierpnia-2021/3y7d0tm?utm_source=browser_viasg_wiadomosci","26826d0adb86f4581413ecc30a9d5dc4"
"https://t.co/UdV9SVWFfI","koronawirus","2021-08-12","https://www.radiolodz.pl/posts/72115-198-nowych-przypadkow-zakazenia-koronawirusem-z-czego-12-w-lodzkiem-raport","db19afac3a48e3be09cc985114568aa7"
"https://t.co/SvSaGaKOuE","koronawirus","2021-08-12","https://ipolska24.pl/nowe-dane-o-zakazeniach-17/","2e2087fccfd15dbab934dbb98076228b"
"https://t.co/1rk354A4Gb","koronawirus","2021-08-12","https://wydarzenia.interia.pl/raporty/raport-koronawirus-chiny/polska/news-koronawirus-w-polsce-raport-ministerstwa-zdrowia-z-11-sierpn,nId,5413794","466beefdffcb21c38d8edee17e218d84"
"https://t.co/631RDFzLwI","koronawirus","2021-08-12","https://wiadomosci.wp.pl/koronawirus-najnowsze-dane-ministerstwa-zdrowia-11-sierpnia-6671026023107072a?utm_source=twitter&utm_medium=social&utm_campaign=ttwp&utm_term=post&utm_content=wiadomosci","dca92a8835056f83956d62e88c281e73"
"https://t.co/dfGUO271JH","koronawirus","2021-08-12","https://www.rp.pl/Covid-19/210819892-Koronawirus-Czy-trzecia-dawka-szczepionki-na-COVID-19-dziala-Wyniki-badan-z-Izraela.html","c1663309ba5f5296cb30b9f54506c3c4"
"https://t.co/ZGfXKxgT5t","koronawirus","2021-08-12","https://nursing.com.pl/artykul/niedlugo-bedziemy-wiedziec-jak-dlugo-utrzymuja-sie-przeciwciala-chroniace-przed-covid19-6113843d9e0a06ad0c47fd49?fbclid=IwAR0EbOwtkn7D7ecbGGrioMPOa7YDPtooTSDLu25yRNBfyZtfXSoICFRihQ0&utm_source=ff&utm_medium=post&utm_campaign=nursing_news","c013980afdfec6a3e2b21fcb3503018e"
"https://t.co/fUza4NVrLF","koronawirus","2021-08-12","https://www.rp.pl/Koronawirus-SARS-CoV-2/210719522-Koronawirus-Rzad-Singapuru-do-niezaszczepionych-Zostancie-w-domu.html","82772e9d0a4cc685a7720caa72d44649"
"https://t.co/pcp6Af1Bcx","koronawirus","2021-08-12","https://wydarzenia.interia.pl/raporty/raport-koronawirus-chiny/aktualnosci/newsamp-niemcy-skandal-wokol-pielegniarki-szczepila-sola-fizjologicz,nId,5412296?__twitter_impression=true","1ae228d1da22875f9e94a3996a7ca386"
"https://t.co/jat1oi9mqE","koronawirus","2021-08-12","https://www.rp.pl/Koronawirus-SARS-CoV-2/210819900-Koronawirus-Sydney-Nie-zaszczepisz-sie-nie-pracujesz.html","906478a9b4133bbda4d754c0483c5a73"
"https://t.co/foDNLb0eHf","koronawirus","2021-08-12","https://tvn24.pl/polska/koronawirus-w-polsce-sprzeciwiaja-sie-szczepieniom-przeciw-covid-19-przeszli-ulicami-katowic-5167984","291af40c3ab5a5b98424c253ccc93266"
"https://t.co/TwiMhYkmZX","koronawirus","2021-08-12","https://www.rp.pl/Koronawirus-SARS-CoV-2/210819967-Niemcy-Do-kosciola-i-na-obiad-tylko-po-szczepieniu-lub-tescie.html#error=login_required&state=11a53cf3-a38f-4d05-8582-6777238d69d0","fc0e7888c147dafb774a724653cb4da4"
"https://t.co/4z072WjvIr","koronawirus","2021-08-12","https://www.onet.pl/informacje/onetwiadomosci/koronawirus-trzylatka-z-poznania-zaszczepiona-w-ramach-badan/h51qg1r,79cfc278","eb574fde0382d81cf75f343b8ea5b764"
"https://t.co/QEFOR37vDp","koronawirus","2021-08-12","https://ipolska24.pl/kolejny-kraj-wprowadza-ograniczenia-dla-niezaszczepionych-na-covid-19/","895e67e7c5b45565db00227b1d47aca5"
"https://t.co/hZEc65khac","koronawirus","2021-08-12","https://www.tvp.info/55260815/koronawirus-a-rynek-pracy-polska-najszybciej-zwalczy-skutki-pandemii-covid-19-na-rynku-pracy-raport-oecd","9e4f25cebe244f1c0f7b8b27cb331df3"
"https://t.co/fYfpUcQiWM","koronawirus","2021-08-12","https://serwisy.gazetaprawna.pl/edukacja/artykuly/8224417,koronawirus-szkoly-i-przedszkola-rozwiazania.html?utm_source=dlvr.it&utm_medium=twitter","266ba90bb1d18f86d6da95db999e7235"
"https://t.co/IXlBRJiEvN","koronawirus","2021-08-12","https://bit.ly/3fSsDgx","89408ca5fa86204b9a05bbe92960111c"
"https://t.co/Vso6DGYuB6","koronawirus","2021-08-12","https://www.rmf24.pl/raporty/raport-koronawirus-z-chin/polska/news-prognozy-medykow-w-najblizszych-tygodniach-kilka-tysiecy-zak,nId,5413732#crp_state=1","138102c74a8e6d95c357c6f9a95542e9"
"https://t.co/TPhcxdGQb9","koronawirus","2021-08-12","https://wolnemedia.net/koronawirus-to-szczepionka/","5552324c08f3d9c03375c9b39bdf5bd7"
"https://t.co/0hxnxYOa1B","koronawirus","2021-08-12","https://www.rmf24.pl/raporty/raport-koronawirus-z-chin/polska/news-prognozy-medykow-w-najblizszych-tygodniach-kilka-tysiecy-zak,nId,5413732","26ff29bc583503e516b4ceb8aed7340d"
"https://t.co/zHmePNIRzQ","koronawirus","2021-08-12","https://www.tvp.info/55304254/covid-19-wariant-delta-koronawirusa-a-odpornosc-zbiorowa-naukowcy-ustalili","723f5d5b0062de2654c4d57154d1e078"
"https://t.co/cSfouxGy5c","koronawirus","2021-08-12","https://sport.tvp.pl/55293311/jak-beda-wygladaly-igrzyska-w-pekinie-obostrzenia-i-koronawirus/","8c2eeebc8f897a6801d94e04547f9863"
"https://t.co/sRgDssA0xo","koronawirus","2021-08-12","https://www.tvp.info/55304623/koronawirus-hiszpania-wladze-ibizy-werbuja-turystow-szpiegow-donoszacych-o-lamiacych-obostrzenia-zwiazane-z-covid-19","e358e2502c7621aefd83f19b1b683489"
"https://t.co/etMJHgGwXU","koronawirus","2021-08-12","https://youtu.be/USnqDjGiDBE","6215845c62c88e44e1fa7734b992159a"
"https://t.co/XDNZH9wyJ3","koronawirus","2021-08-12","https://www.rp.pl/Koronawirus-SARS-CoV-2/308109898-Niemiecka-strategia-na-czwarta-fale-COVID-19.html","b923d2dd71a4b2616c2bbaaf57bf88b8"
"https://t.co/rDlb6ykRQV","koronawirus","2021-08-12","https://youtu.be/d5PAtKBZZCI","6b849b5be5df82b1e064d5298eeb7cc0"
"https://t.co/guRC3H0yRJ","koronawirus","2021-08-12","https://www.rp.pl/Koronawirus-SARS-CoV-2/210819978-Koronawirus-Izrael-6-275-zakazen-w-ciagu-doby-Najwiecej-od-lutego.html","280114f1f0b10376abec61cd8906bab5"
"https://t.co/RPqALF8ySE","koronawirus","2021-08-12","https://bit.ly/3fxJi90","f254b7f70392b38ca99805901bed5786"
"https://t.co/1A6vjhorYs","koronawirus","2021-08-12","https://bit.ly/3fBNKTQ","cb9378a9db17c37935f754a61978f57d"
"https://t.co/uCxieXf4pE","koronawirus","2021-08-12","https://bit.ly/3CypVWS","95e5242e4f41a8be742952db2bfc3356"
"https://t.co/YmhVrbQsGL","koronawirus","2021-08-12","https://bit.ly/3lHwHUq","fd5cc6010570d80005c0c1bf84e2f83a"
"https://t.co/Zyn1fpuSwr","koronawirus","2021-08-12","https://bit.ly/2VAKEc7","db4fe5d7ae8b34dd86a7fda3ae07a4b5"
"https://t.co/VOgmOVXtBM","koronawirus","2021-08-12","https://wydarzenia.interia.pl/raporty/raport-koronawirus-chiny/aktualnosci/news-prawie-cala-rodzina-zmarla-na-covid-19-nie-chcieli-sie-zaszc,nId,5411969","b1dab69f8dba6d42cc9ce6b72786b664"
"https://t.co/yOfMK6YBNL","koronawirus","2021-08-12","https://www.cyberdefence24.pl/twitter-zawiesil-konto-amerykanskiejkongresmenki-rozpowszechniala-dezinformacjeo-szczepionkach","528847b5cd0e0276f7a017ffacdba0a7"
"https://t.co/cpM6Set5DP","koronawirus","2021-08-12","https://wiadomosci.dziennik.pl/media/artykuly/8127720,piotr-semka-respirator-koronawirus-mateusz-morawiecki.html","2a093f35eb4a7d7ce3a5bae8ce1e6f5b"
"https://t.co/2r3JQXs9qh","koronawirus","2021-08-12","https://fakty.tvn24.pl/fakty-o-swiecie,61/koronawirus-w-usa-nadal-100-milionow-amerykanow-nie-przyjelo-szczepionki,1073501.html","d943cb24d84e0ec8d34574bf5ea76a8e"
"https://t.co/QvHmQi72G9","koronawirus","2021-08-12","https://www.dziennikwschodni.pl/koronawirus/po-ataku-w-zamosciu-pracownicy-punktow-szczepien-z-wieksza-ochrona,n,1000293602.html","79766cbdb75e11faa6a1508e14916366"
"https://t.co/sOwzIzXulv","koronawirus","2021-08-12","https://www.polsatnews.pl/wiadomosc/2021-08-10/koronawirus-raport-dnia-wtorek-10-sierpnia/?ref=kafle","aec194e4d84a89352b3190501f1f2290"
"https://t.co/ErLZT7iPJG","koronawirus","2021-08-12","https://youtu.be/GdNbCvhEiZo","42ee525de317c4342fb7f0c33c731ea4"
"https://t.co/PMu71LNIOL","koronawirus","2021-08-12","https://www.onet.pl/informacje/onetkrakow/koronawirus-tatry-i-podhale-poziom-zakazen/9zzfz0s,79cfc278","461c3f235ba2ea1c1c2fa52060a3f607"
"https://t.co/TwFMND0yoq","koronawirus","2021-08-12","https://www.medonet.pl/koronawirus/koronawirus-na-swiecie,koronawirus-w-izraelu--od-kilku-dni-nie-ma-przypadkow-smiertelnych,artykul,25753017.html","04832f88ba5d9d756de208c29c72705f"
"https://t.co/OwjYj22cyr","koronawirus","2021-08-12","https://wiadomosci.onet.pl/swiat/izrael-ponad-5-tys-przypadkow-koronawirusa-w-izraelu-rzad-nie-wyklucza-obostrzen/3wk52dq","6192d539a6ec444bd3a4a27f9daf7452"
"https://t.co/jwjzRMstOA","koronawirus","2021-08-12","https://tvrepublika.pl/Koronawirus-w-Chinach-Najwiecej-zakazen-od-poczatku-roku,125107.html","3dc52909013ed270fe1d67205cc4fa2d"
"https://t.co/YYnGcoV9Om","koronawirus","2021-08-12","https://wydarzenia.interia.pl/raporty/raport-koronawirus-chiny/aktualnosci/news-niemcy-skandal-wokol-pielegniarki-szczepila-sola-fizjologicz,nId,5412296?fbclid=IwAR34nzBo93HJ2o3RjlhToEFv0OvW41kZZ0noFCGlzcx8-wYGbE6ZGfrayo4","1094c963ecbdefeda0a48f5d899c3836"
"https://t.co/JumrGcu3aW","koronawirus","2021-08-12","https://wydarzenia.interia.pl/raporty/raport-koronawirus-chiny/aktualnosci/news-niemcy-skandal-wokol-pielegniarki-szczepila-sola-fizjologicz,nId,5412296#utm_source=paste&utm_medium=paste&utm_campaign=chrome","fb76139246b537ab30df641c43c3dbcd"
"https://t.co/AcSXfZAYsl","koronawirus","2021-08-12","https://www.rmf24.pl/raporty/raport-koronawirus-z-chin/europa/news-niemcy-wprowadzaja-restrykcje-dla-niezaszczepionych-przeciw-,nId,5412325#crp_state=1","86c039daa0d4d043ba479f5c853ca784"
"https://t.co/aEDOPdZ5fV","koronawirus","2021-08-12","https://wirtualnemedia.pl/artykul/piotr-semka-koronawirus-zakazony-szpital","db48bb632b1c42807af06d42dad41036"
"https://t.co/t8pPOB1Zn5","koronawirus","2021-08-12","https://wzabrzu.info/koronawirus-zabrze-sytuacja-epidemiczna-10-08-2021/","734744f8362b3c675cf29636a5fa2c00"
"https://t.co/uGK1pxCbla","koronawirus","2021-08-12","https://wiadomosci.onet.pl/krakow/koronawirus-tatry-i-podhale-poziom-zakazen/9zzfz0s","fd7643060397e075020ea651e3e07b37"
"https://t.co/bdmGU7i7Yv","koronawirus","2021-08-12","https://dorzeczy.pl/zdrowie/194384/pracodawca-z-wiedza-o-szczepieniu-kraska-jest-taki-pomysl.html","5c740bd551892cfdf7be4c96a0efb07c"
"https://t.co/tfa4nmvQb1","koronawirus","2021-08-12","https://youtu.be/axaadhm3egs","13939a2d51adf8c29a18ad54c9150ab0"
"https://t.co/cBrfsZurQb","koronawirus","2021-08-12","https://kronika24.pl/covid-19-najwiecej-zakazen-w-polsce-wsrod-niezaszczepionych/","3903173595e2dbf7782d28bb0d9c7c95"
"https://t.co/8OKC84OoRw","koronawirus","2021-08-12","https://www.google.com/amp/s/www.rmf24.pl/newsamp-grozi-nam-kolejny-lockdown-stanowisko-ministra-zdrowia,nId,5376131","1d2dfabb2f47ddc6bae6f010daea8ba2"
"https://t.co/enqrcbp90t","koronawirus","2021-08-12","https://naszeblogi.pl/57716-koronawirus-szczepionkowy-pangeszeft","13800050e90a804753950aa165b3b631"
"https://t.co/VXS8CuUgLs","koronawirus","2021-08-12","https://www.medonet.pl/koronawirus/to-musisz-wiedziec,wariant-lambda-bardzo-odporny-na-szczepionki---badania,artykul,32172316.html","519f8fd1cb66539e97d4a45607cab4d7"
"https://t.co/C1qCJFA14M","koronawirus","2021-08-12","https://www.bibula.com/?p=126916","0e1a4b6a7fc5e9f55ab0f9b5369e4550"
"https://t.co/nZnRLDvCwS","koronawirus","2021-08-12","https://wydarzenia.interia.pl/raporty/raport-koronawirus-chiny/polska/news-pasazerowie-sciagaja-maseczki-w-pociagach-politycy-zabrali-g,nId,5412039#utm_source=paste&utm_medium=paste&utm_campaign=chrome","cdbfb5a8210e36426e3261149d02160d"
"https://t.co/7GgypMdryA","koronawirus","2021-08-12","https://naszeblogi.pl/55620-maseczki-kontra-koronawirus-klamali-klamia-i-beda-klamac","9cd10bf914858b54957426999473d580"
"https://t.co/6giDwncuWg","koronawirus","2021-08-12","https://tvrepublika.pl/Koronawirus-w-Hiszpanii-Coraz-wiecej-ludzi-pracuje-zdalnie,125089.html","97a6b3488437076ba59a29d4b5fb9922"
"https://t.co/5VM6C4ae2k","koronawirus","2021-08-12","https://tvrepublika.pl/Koronawirus-uderzyl-w-RPA-Rekordowa-liczba-zgonow,125082.html","a948f494e6086d279bb56418f86eafde"
"https://t.co/Obkrb33veG","koronawirus","2021-08-12","https://youtu.be/asi7BYs1HGg","5d3459086ba796327250d0b208193fa6"
"https://t.co/GRhKWmYSDp","koronawirus","2021-08-12","https://wydarzenia.interia.pl/raporty/raport-koronawirus-chiny/aktualnosci/news-leczenie-covid-19-baricytynib-zmniejsza-ryzyko-zgonu-o-46-pr,nId,5402074","d4f091ee8ba63dd5a2954e351d4c2866"
"https://t.co/Y490N1A7gW","koronawirus","2021-08-12","https://www.tvp.info/55296698/koronawirus-paszporty-kowidowe-holandia-branza-gastronomiczna-nie-chce-sprawdzac-dowodow-szczepien-u-klientow","05322737e2abc4dc8e08f5638e0af748"
"https://t.co/7Cj6kDDEJZ","koronawirus","2021-08-12","https://tvn24.pl/polska/koronawirus-w-polsce-nowe-przypadki-zakazenia-i-smierci-10-sierpnia-5173496","020eb7b8f4a8574aa500deb523822fb4"
"https://t.co/4eDysiWXH6","koronawirus","2021-08-12","https://www.rp.pl/Koronawirus-SARS-CoV-2/210819948-Sad-w-Ohio-Zaszczepienie-przeciw-COVID-19-jako-warunek-zwolnienia-warunkowego.html","b0fcaefb0e56bdd8c66ec0374f6d5644"
"https://t.co/pgtupjDDpZ","koronawirus","2021-08-12","https://www.wprost.pl/10479231","dc4f831fde3fd01f911b9d022d63484d"
"https://t.co/Wm4yRLEiUi","koronawirus","2021-08-12","https://dlvr.it/S5NFyk","614f3e586d8318016c1b328283c728ce"
"https://t.co/S1ZS7Z6RTi","koronawirus","2021-08-12","https://wydarzenia.interia.pl/raporty/raport-koronawirus-chiny/aktualnosci/news-wariant-delta-media-szczepionka-moderny-moze-byc-skuteczniej,nId,5411904","4516ef74f84910798bfe7c2000a0bc8e"
"https://t.co/fMEKpepPDd","koronawirus","2021-08-12","https://tvn24.pl/swiat/koronawirus-we-wloszech-od-niedzieli-masowe-szczepienia-mlodziezy-przeciwko-covid-19-5173901","7d0d3045c34500e2bbc26b11b46bf522"
"https://t.co/xMN6bntlv6","koronawirus","2021-08-12","https://www.rp.pl/Koronawirus-SARS-CoV-2/210819954-Koronawirus-Portugalia-sie-wahala-ale-zacznie-szczepic-dzieci-w-wieku-12-15-lat.html","ae7bcb0cf04183a31f196a281214a429"
"https://t.co/E0W36YuoWV","koronawirus","2021-08-12","https://wydarzenia.interia.pl/raporty/raport-koronawirus-chiny/aktualnosci/news-izrael-ponad-5-tys-nowych-zakazen-koronawirusem-rosnie-liczb,nId,5411748","dcc80cb001e6cdcf29d7f8909e576f53"
"https://t.co/oGEA3XKCKv","koronawirus","2021-08-12","https://wydarzenia.interia.pl/raporty/raport-koronawirus-chiny/polska/news-prof-krzysztof-simon-antyszczepionkowcy-grozili-mi-smiercia,nId,5409662","a801c7c11f1adee1de22400220be70a5"
"https://t.co/oYuZJav5hR","koronawirus","2021-08-12","https://zdrowie.wprost.pl/10478851","8090260c6a7847b0c6653afa6f8c4e8d"
"https://t.co/FgOUiEe9xE","koronawirus","2021-08-12","https://youtu.be/an_i85x3exA","30178f37261655801e1ed53be23e899b"
"https://t.co/8JB3g8OuV0","koronawirus","2021-08-12","https://wiadomosci.onet.pl/kraj/koronawirus-i-medycy-antyszczepionkowcy-co-z-nimi-zrobic/p25bnjx","a8e4ecc8776e9bb7e45132621f379cd3"
"https://t.co/4jj6gMd1hm","koronawirus","2021-08-12","https://bit.ly/2Ua0ObQ","e56dc9bb158022a6de107a4e05c2db3b"
"https://t.co/FJFwhcWGxg","koronawirus","2021-08-12","https://www.kurierslaski.com.pl/koronawirus-w-wojewodztwie-slaskim-197/","82433f2a85cb0bbd8abc686f5c682242"
"https://t.co/jiM4rkqdy1","koronawirus","2021-08-12","https://medianarodowe.com/2021/08/10/koronawirus-w-polsce-najnowsze-dane-ministerstwa-zdrowia-kolejny-dzien-bez-zgonow/","3424a8348c34bb88418a5cd13804436e"
"https://t.co/vf54JIlJ4z","koronawirus","2021-08-12","https://serwisy.gazetaprawna.pl/zdrowie/artykuly/8223841,pracodawcy-dostep-do-danych-o-zaszczepieniu-kraska-pomysl-szczepionka-koronawirus.html?utm_source=dlvr.it&utm_medium=twitter","cf007224b1475190bd37f0aa8fecd529"
"https://t.co/y6iyIqnoe4","koronawirus","2021-08-12","https://www.tvp.info/55294301/koronawirus-w-polsce-nowe-dane-ministerstwa-zdrowia-z-dzisiaj-10-sierpien-wtorek-nowe-przypadki-zakazenia-statystyki-covid-19-liczba-zgonow-10082021","3cb21b904243c84f6aad2b6f38d7ed06"
"https://t.co/Pp0EaFL62Y","koronawirus","2021-08-12","https://www.rp.pl/Koronawirus-SARS-CoV-2/210819964-Koronawirus-USA-Uczelnia-wprowadza-oplaty-dla-niezaszczepionych.html","fc291d72c5cf143c449c561c1f4e0918"
"https://t.co/BKLc4cmskN","koronawirus","2021-08-12","https://serwisy.gazetaprawna.pl/zdrowie/artykuly/8223829,kraska-wzrost-zakazen-w-porownaniu-do-ubieglego-tygodnia-koronawirus-szczepienie.html?utm_source=dlvr.it&utm_medium=twitter","d0299f9b0a86fbf037a783b0b43a2d9a"
"https://t.co/txKM1SB1qm","koronawirus","2021-08-12","https://youtu.be/B-zoSVA-oXs","8b1a4af44125faf82cc7f73fd341fd96"
"https://t.co/n5xX0UeyiE","koronawirus","2021-08-12","https://youtu.be/RNi0DHqNPJc","8c6ea6cdb6b0554c9f9d4a3af96de77f"
"https://t.co/tGWoQXt4fu","koronawirus","2021-08-12","https://businessinsider.com.pl/h1g0m45","b9c175c0064b2c6289fa5c77902bba3b"
"https://t.co/3G5tR9ctuZ","koronawirus","2021-08-12","https://www.rp.pl/Koronawirus-SARS-CoV-2/210819967-Niemcy-Do-kosciola-i-na-obiad-tylko-po-szczepieniu-lub-tescie.html","1f08913b480d65e25655b81aeaadc661"
"https://t.co/mxmCG6rTXI","koronawirus","2021-08-12","https://tvrepublika.pl/Raport-koronawirus-Ostatniej-dobry-nie-odnotowano-zgonow,125063.html","f03ca5038b094c68df7d6192c2458780"
"https://t.co/rZ3uLeOFoN","koronawirus","2021-08-12","https://biqdata.wyborcza.pl/biqdata/7,159116,27182424,dzienny-raport-o-koronawirusie-zakazenia-zgony-oblozenie.html?utm_source=facebook.com&utm_medium=SM&utm_campaign=FB_Gazeta_Wyborcza","f5489d0ff2b4e6700533742fb249c130"
"https://t.co/1cJ3W1XxyU","koronawirus","2021-08-12","https://www.gov.pl/web/koronawirus/wykaz-zarazen-koronawirusem-sars-cov-2","5ea102012f8d203f46c198a647e8e836"
"https://t.co/1hKDO4s5NY","koronawirus","2021-08-12","https://www.msn.com/pl-pl/zdrowie/nasze-zdrowie/koronawirus-jak-d%C5%82ugo-utrzymuj%C4%85-si%C4%99-przeciwcia%C5%82a/ar-AAN8GZq?ocid=msedgdhp&pc=U531","c3da73e22787a9539a488ffc5f60f1df"
"https://t.co/vTCIbXI9cc","koronawirus","2021-08-12","https://wiadomosci.radiozet.pl/Koronawirus/Yann-Gontard-zmarl-na-Covid-19.-Nie-zyje-byly-szef-tytulow-Polska-Press","81040e89fbfb8116d5cc010be2fbfd8c"
"https://t.co/4NMeAnjB87","koronawirus","2021-08-12","https://www.wprost.pl/koronawirus-na-swiecie/10352624/koronawirus-na-swiecie-wielka-brytania-zmienia-metodologie-liczba-zgonow-na-covid-19-spadla.html","f580895846b28d8d8da51f5540d8e307"
"https://t.co/qJ6CNM2meU","koronawirus","2021-08-12","https://www.youtube.com/watch?v=tnxUQD_9MJQ","c62b0e12967b3546ca75067da39e073a"
"https://t.co/EQR8arONU9","koronawirus","2021-08-12","https://youtu.be/RtKypriM24E","05d4c68e0e960bf2a815cda53d77ca61"
"https://t.co/TmwNYT9hPB","koronawirus","2021-08-12","https://at9e8.app.goo.gl/1jPSX","62d88417dfa406815ce179d028744a2d"
"https://t.co/4zI1eoFic1","koronawirus","2021-08-12","https://ift.tt/3fOIBrW","038abdc6c809821bbb19d9dd2376fc75"
"https://t.co/vHJma48cKY","koronawirus","2021-08-12","https://gospodarka.dziennik.pl/news/artykuly/8223766,koronawirus-covid-19.html?utm_source=dlvr.it&utm_medium=twitter","e07a230e764f488d83949d985869a43e"
"https://t.co/RbjvonvLES","koronawirus","2021-08-12","https://glos24.pl/koronawirus-malopolska-10-sierpnia-szczegolowe-dane-zakazenia-zgony","22d81b17bcdf1f3523016406142f4b82"
"https://t.co/nPmeGROmEX","koronawirus","2021-08-12","https://www.gazetaprawna.pl/wiadomosci/swiat/artykuly/8222446,koronawirus-w-usa-100-tys-nowych-przypadkow.html","2f185b88b67e1f0443e6876d92524ab5"
"https://t.co/0i6OIg7T4d","koronawirus","2021-08-12","https://poznan.tvp.pl/55294884/koronawirus-w-wielkopolsce-szesc-nowych-zakazen","2ba1aa98da7c2f13bbfe823cc2e65c2a"
"https://t.co/MjBn9S0AQO","koronawirus","2021-08-12","https://tenpoznan.pl/koronawirus-w-wielkopolsce-lista-zakazen-w-powiatach-10-sierpnia-2021/","d173f71a5ee48eec38429a69c2d1e085"
"https://t.co/VjKTk0RzUx","koronawirus","2021-08-12","https://dorzeczy.pl/zdrowie/194364/koronawirus-w-polsce-we-wtorek-200-zakazen-i-zadnego-zgonu.html","465c36c4873942561ba5db18c03e8bce"
"https://t.co/DzrcKzkJDB","koronawirus","2021-08-12","https://www.polskieradio24.pl/5/1222/Artykul/2786969,Koronawirus-w-Polsce-Nowe-dane-Ministerstwa-Zdrowia-dot-zakazen","ac7351ddb399e5f54889c6ea36e62516"
"https://t.co/M23GtuXiNp","koronawirus","2021-08-12","https://wroclife.pl/nasze-miasto/koronawirus-wroclaw-2020/koronawirus-dolny-slask-10-sierpnia-2021/","d6f038a100429ea04ecc2567d127e06e"
"https://t.co/abtEME4igC","koronawirus","2021-08-12","https://bit.ly/2WGA6bw","9c112dc9e57baf43966f75ce4aef1c7e"
"https://t.co/ekkGDTbtwO","koronawirus","2021-08-12","https://nowiny24.pl/na-podkarpaciu-13-nowych-zakazen-w-polsce-200-przypadkow-raport-1008/ar/c14-15748822","c42e2a529eba035da14dc4eb0f073f2c"
"https://t.co/rWFdwlaZj7","koronawirus","2021-08-12","https://radioszczecin.pl/6,427209,polska-200-zachodniopomorskie-12","cca5f9e54bf601d4fb42fe063f537c2f"
"https://t.co/PvsFqgMWYU","koronawirus","2021-08-12","https://www.radiolodz.pl/posts/72084-200-nowych-przypadkow-zakazenia-koronawirusem-z-czego-trzy-w-lodzkiem-sytuacja-epidemiczna-w-regionie-polsce-i-na-swiecie-raport","7befdcc0eaed8fff78b394b7af567571"
"https://t.co/4aln7mU7gW","koronawirus","2021-08-12","https://ipolska24.pl/wzrost-zakazen-na-covid-19/","26fe95f8f04ce1353da8a15c080f4c95"
"https://t.co/nVNG1dVIso","koronawirus","2021-08-12","https://bit.ly/3jGvhH9","0f29b7a2ad2ec6387e251c362d59a6f4"
"https://t.co/8tMGdLFKom","koronawirus","2021-08-12","https://www.wprost.pl/10479181","d4e9849471e6049c02b6512196b15a74"
"https://t.co/xK8WEOZSzh","koronawirus","2021-08-12","https://codziennypoznan.pl/artykul/2021-08-10/znow-duzy-wzrost-zakazen-koronawirusem-w-polsce-rozpoczyna-sie-4-fala-epidemii/","fec2468bc6684cb8d07a29c073ab91ec"
"https://t.co/suL18kUa4f","koronawirus","2021-08-12","https://tenpoznan.pl/rosnie-liczba-zakazen-koronawirusem-zobacz-nowe-dane/","d203712e40f9d4d21e09dad7fb461c2b"
"https://t.co/UsF9cJtd11","koronawirus","2021-08-12","https://www.se.pl/slask/koronawirus-w-polsce-10-sierpnia-wariant-delta-raport-aa-2zL5-f79a-s9NX.html","ee90c162373a470f34956caa90ec7d60"
"https://t.co/TI8yJ4dFEY","koronawirus","2021-08-12","https://dlvr.it/S5MTyQ","f022ad7fa9e5c5eb98b9950aa69ba637"
"https://t.co/3VgeDI8BJm","koronawirus","2021-08-12","https://sport.tvp.pl/55293311/jak-beda-wygladaly-igrzyska-w-pekinie-obostrzenia-i-koronawirus","f6e238b88a9a669020f96844d8336556"
"https://t.co/eED9Zwt0ze","koronawirus","2021-08-12","https://wydarzenia.interia.pl/raporty/raport-koronawirus-chiny/polska/news-koronawirus-w-polsce-raport-ministerstwa-zdrowia-z-10-sierpn,nId,5411756","6fff239aaf7bfba6add9cdc2212712b3"
"https://t.co/lVxbeo1kCG","koronawirus","2021-08-12","https://dlvr.it/S5MTYX","0c0a23f1e8d9526f54176e9a85e6323a"
"https://t.co/xjYdXyTOru","koronawirus","2021-08-12","https://nursing.com.pl/artykul/ciaza-w-pandemii-czy-istnieje-wieksze-ryzyko-przedwczesnego-porodu-6112281e9e0a06147f47fd2c?fbclid=IwAR0ZMSi3krog99gnlfPEA1na90XvGik3nfvo9KKfYMAxiV9RPskRZSMdVo4&utm_source=tt&utm_medium=post&utm_campaign=nursin_news","3f7662c5f09c801c8d64d3bb715d10e6"
"https://t.co/D6KcG20dIa","koronawirus","2021-08-12","https://www.mypolacy.de/wiadomosci/dzis-konferencja-merkel-z-szefami-landow-czy-rzad-szykuje-twardy-lockdown/","7c885619d88e4da06e5a36ff4a24f79f"
"https://t.co/J6YF8r4lwU","koronawirus","2021-08-12","https://wpolityce.pl/polityka/561865-kary-za-brak-szczepienia-to-pomysl-senatora-ko","0d5593f6d73eb106e8b0cc887c09b301"
"https://t.co/tAxYyAOSGe","koronawirus","2021-08-12","https://wiadomosci.dziennik.pl/swiat/artykuly/8223704,koronawirus.html?utm_source=dlvr.it&utm_medium=twitter","f6704c34d24ef191c0f06574e3fde8cf"
"https://t.co/xsxdgNjXcf","koronawirus","2021-08-12","https://www.rmf24.pl/raporty/raport-koronawirus-z-chin/polska/news-nieoficjalnie-najwiecej-zakazen-koronawirusem-od-czerwca,nId,5411687","bd001fca8a52369e454a3ce33b69b2de"
"https://t.co/tKVGl4nv6k","koronawirus","2021-08-12","https://dlvr.it/S5MGWz","ed719d0125b844ae22a0b748b9feba17"
"https://t.co/jZHBnjq5uX","koronawirus","2021-08-12","https://www.rp.pl/Covid-19/210819984-Koronawirus-Badanie-z-Izraela-Dzieci-krocej-odporne-po-przejsciu-COVID.html","30c70994af69514b139aa0e36fea5fb1"
"https://t.co/191Hw1RO95","koronawirus","2021-08-12","https://gospodarka.dziennik.pl/news/artykuly/8223669,antoni-mezydlo-obowiazkowe-szczepienia-kary-finansowe-covid-19-koronawirus.html?utm_source=dlvr.it&utm_medium=twitter","510b3aa1938aa4b906f265cc2ae3a3b5"
"https://t.co/YYOY0okRO8","koronawirus","2021-08-12","https://wiadomosci.onet.pl/krakow/koronawirus-tatry-i-podhale-poziom-zakazen/9zzfz0s.amp?__twitter_impression=true","7789c9e0ee2b16506b052eee141cfe85"
"https://t.co/jIEXt1BdJQ","koronawirus","2021-08-12","https://businessinsider.com.pl/lifestyle/podroze/martynika-turysci-poproszeni-o-opuszczenie-wyspy/qhfqmwk","420926ae307e0c3315d8b3aff24d2127"
"https://t.co/JOZpwLcYu1","koronawirus","2021-08-12","https://www.rp.pl/Koronawirus-SARS-CoV-2/210819990-Niemcy-zakoncza-darmowe-testy-na-COVID-19.html","c29ba6da23a3a757c6d4f2f8ec014215"
"https://t.co/vuo1DTZf7m","koronawirus","2021-08-12","https://radioszczecin.pl/6,427194,pentagon-bedzie-wymagal-szczepien-od-wszystkich-","505ccf7e7c17ba2286b2a8fca6e839a1"
"https://t.co/tAwgMbk2eP","koronawirus","2021-08-12","https://radioszczecin.pl/6,427192,wysokosc-czwartej-fali-zalezy-od-nas","39311e96b442997b5c81994c99824216"
"https://t.co/bahcUC9qPu","koronawirus","2021-08-12","https://www.termedia.pl/koronawirus/Schematy-mieszane-podawania-szczepionek-przeciw-COVID-19-sa-bezpieczne,43277.html#.YRIXhReDdFI.twitter","d9e2c90682b46800e6fdba2742b97d51"
"https://t.co/IlV9NTEj85","koronawirus","2021-08-12","https://serwisy.gazetaprawna.pl/zdrowie/artykuly/8223619,prof-gut-epidemia-koronawirus-na-zakrecie.html?utm_source=dlvr.it&utm_medium=twitter","9cb707b54e147cf9764a72e965d7f8ad"
"https://t.co/zFA7X4kRDN","koronawirus","2021-08-12","https://dlvr.it/S5M4ZP","4f60b4c4bfa694d5492243f4dedde513"
"https://t.co/dihIPChnw9","koronawirus","2021-08-12","https://www.tvp.info/55291500/koronawirus-kanada-znow-wpuszcza-turystow-potrzebne-szczepienie-przeciw-covid-19-inaczej-kwarantanna-granica-z-usa-oblezona","28aa8cd02f6148239623a8ced4166538"
"https://t.co/tZXP9gzCzT","koronawirus","2021-08-12","https://wiadomosci.dziennik.pl/swiat/artykuly/8222310,hiszpania-koronawirus-paszporty-covidowe-restauracje-sad.html?utm_source=dlvr.it&utm_medium=twitter","d9b6fc886a5eacad78a5299ffdc8ab05"
"https://t.co/ddnMRWXHNE","koronawirus","2021-08-12","https://www.rp.pl/Covid-19/201009589-Koronawirus-zabil-wiecej-Amerykanow-niz-piec-wojen.html","fc5c82736e4240668bf6bc9d6663878d"
"https://t.co/h51VWTkbLO","koronawirus","2021-08-12","https://zdrowie.wprost.pl/10478979","54c6c2e23bdf9123a6e351e03fba297a"
"https://t.co/xPGgjdpkXj","koronawirus","2021-08-12","https://wydarzenia.interia.pl/raporty/raport-koronawirus-chiny/aktualnosci/news-usa-ponad-200-procentowy-wzrost-hospitalizacji-w-nowym-jorku,nId,5411659","b9ebf07dec612e2fdfb5c02c047e11ea"
"https://t.co/MyvZzeuK4Y","koronawirus","2021-08-12","https://www.rp.pl/Koronawirus-SARS-CoV-2/210819993-Koronawirus-Sydney-Lockdown-trwa-liczba-zakazen-rekordowa.html","ae0f4726e17f26c9ac9a568525ebf875"
"https://t.co/BevLcGTqGW","koronawirus","2021-08-12","https://www.money.pl/gospodarka/respiratory-widmo-wyborcza-ujawnila-jak-skonczyl-sie-slynny-przetarg-mz-na-respiratory-od-handlarza-bronia-6519915094718593a.html","0f8fc43242b39b50e7fa64dad9eda0ea"
"https://t.co/OuCwdhf29u","koronawirus","2021-08-12","https://www.rp.pl/Koronawirus-SARS-CoV-2/310119980-Pogrzeb-dla-zmarlego-z-koronawirusem-Ksiadz-moze-odmowic-wprowadzenia-trumny-do-kosciola.html","05a032e2a129288ed2f32938ce8aa3f3"
"https://t.co/iFUM31mLJr","koronawirus","2021-08-12","https://dorzeczy.pl/swiat/194303/chiny-rosnace-ognisko-wariantu-delta-koronawirusa.html","e007316576879392608037a4318855f9"
"https://t.co/4AVjlobQc5","koronawirus","2021-08-12","https://www.rp.pl/Koronawirus-SARS-CoV-2/210819999-Koronawirus-Wariant-Delta-w-USA-W-Arkansas-koncza-sie-lozka-na-OIOM-ach.html","9a3952ec1ec5212b2833954440e484d4"
